Date,Event Name,Season
14-Jan-2019,Lohri,Winter
15-Jan-2019,Makar Sankranti / Pongal,Winter
26-Jan-2019,Republic Day,Winter
09-Feb-2019,Vasant Panchami,Winter
04-Mar-2019,Maha Shivaratri,Spring
21-Mar-2019,Holi,Spring
06-Apr-2019,Ugadi / Gudi Padwa,Summer
13-Apr-2019,Rama Navami,Summer
14-Apr-2019,Baisakhi / Ambedkar Jayanti,Summer
18-May-2019,Buddha Purnima,Summer
05-Jun-2019,Eid-ul-Fitr,Summer
16-Jul-2019,Guru Purnima,Monsoon
12-Aug-2019,Eid al-Adha / Bakrid,Monsoon
15-Aug-2019,Independence Day / Raksha Bandhan,Monsoon
24-Aug-2019,Krishna Janmashtami,Monsoon
02-Sep-2019,Ganesh Chaturthi,Monsoon
11-Sep-2019,Onam,Monsoon
02-Oct-2019,Gandhi Jayanti,Autumn
08-Oct-2019,Dussehra,Autumn
27-Oct-2019,Diwali,Autumn
02-Nov-2019,Chhath Puja,Autumn
12-Nov-2019,Guru Nanak Jayanti,Autumn
25-Dec-2019,Christmas,Winter
14-Jan-2020,Lohri,Winter
15-Jan-2020,Makar Sankranti / Pongal,Winter
26-Jan-2020,Republic Day,Winter
29-Jan-2020,Vasant Panchami,Winter
21-Feb-2020,Maha Shivaratri,Winter
10-Mar-2020,Holi,Spring
25-Mar-2020,Ugadi / Gudi Padwa,Spring
02-Apr-2020,Rama Navami,Summer
13-Apr-2020,Baisakhi,Summer
14-Apr-2020,Ambedkar Jayanti,Summer
07-May-2020,Buddha Purnima,Summer
24-May-2020,Eid-ul-Fitr,Summer
23-Jun-2020,Jagannath Rath Yatra,Summer
05-Jul-2020,Guru Purnima,Monsoon
31-Jul-2020,Eid al-Adha / Bakrid,Monsoon
03-Aug-2020,Raksha Bandhan,Monsoon
11-Aug-2020,Krishna Janmashtami,Monsoon
15-Aug-2020,Independence Day,Monsoon
22-Aug-2020,Ganesh Chaturthi,Monsoon
31-Aug-2020,Onam,Monsoon
02-Oct-2020,Gandhi Jayanti,Autumn
25-Oct-2020,Dussehra,Autumn
14-Nov-2020,Diwali,Autumn
20-Nov-2020,Chhath Puja,Autumn
30-Nov-2020,Guru Nanak Jayanti,Autumn
25-Dec-2020,Christmas,Winter
13-Jan-2021,Lohri,Winter
14-Jan-2021,Makar Sankranti / Pongal,Winter
26-Jan-2021,Republic Day,Winter
16-Feb-2021,Vasant Panchami,Winter
11-Mar-2021,Maha Shivaratri,Spring
29-Mar-2021,Holi,Spring
13-Apr-2021,Ugadi / Gudi Padwa / Baisakhi,Summer
21-Apr-2021,Rama Navami,Summer
13-May-2021,Eid-ul-Fitr,Summer
26-May-2021,Buddha Purnima,Summer
12-Jul-2021,Jagannath Rath Yatra,Monsoon
20-Jul-2021,Eid al-Adha / Bakrid,Monsoon
24-Jul-2021,Guru Purnima,Monsoon
15-Aug-2021,Independence Day,Monsoon
21-Aug-2021,Onam,Monsoon
22-Aug-2021,Raksha Bandhan,Monsoon
30-Aug-2021,Krishna Janmashtami,Monsoon
10-Sep-2021,Ganesh Chaturthi,Monsoon
02-Oct-2021,Gandhi Jayanti,Autumn
15-Oct-2021,Dussehra,Autumn
04-Nov-2021,Diwali,Autumn
10-Nov-2021,Chhath Puja,Autumn
19-Nov-2021,Guru Nanak Jayanti,Autumn
25-Dec-2021,Christmas,Winter
13-Jan-2022,Lohri,Winter
14-Jan-2022,Makar Sankranti / Pongal,Winter
26-Jan-2022,Republic Day,Winter
05-Feb-2022,Vasant Panchami,Winter
01-Mar-2022,Maha Shivaratri,Spring
18-Mar-2022,Holi,Spring
02-Apr-2022,Ugadi / Gudi Padwa,Summer
10-Apr-2022,Rama Navami,Summer
14-Apr-2022,Baisakhi / Ambedkar Jayanti,Summer
03-May-2022,Eid-ul-Fitr,Summer
16-May-2022,Buddha Purnima,Summer
01-Jul-2022,Jagannath Rath Yatra,Monsoon
10-Jul-2022,Eid al-Adha / Bakrid,Monsoon
13-Jul-2022,Guru Purnima,Monsoon
11-Aug-2022,Raksha Bandhan,Monsoon
15-Aug-2022,Independence Day,Monsoon
18-Aug-2022,Krishna Janmashtami,Monsoon
31-Aug-2022,Ganesh Chaturthi,Monsoon
08-Sep-2022,Onam,Monsoon
02-Oct-2022,Gandhi Jayanti,Autumn
05-Oct-2022,Dussehra,Autumn
24-Oct-2022,Diwali,Autumn
30-Oct-2022,Chhath Puja,Autumn
08-Nov-2022,Guru Nanak Jayanti,Autumn
25-Dec-2022,Christmas,Winter
14-Jan-2023,Lohri,Winter
15-Jan-2023,Makar Sankranti / Pongal,Winter
26-Jan-2023,Republic Day / Basant Panchami,Winter
18-Feb-2023,Maha Shivaratri,Winter
08-Mar-2023,Holi,Spring
22-Mar-2023,Chaitra Navratri Begins / Gudi Padwa,Spring
30-Mar-2023,Rama Navami,Spring
14-Apr-2023,Baisakhi,Summer
22-Apr-2023,Eid-ul-Fitr,Summer
05-May-2023,Buddha Purnima,Summer
29-Jun-2023,Eid al-Adha / Bakrid,Summer
15-Aug-2023,Independence Day,Monsoon
30-Aug-2023,Raksha Bandhan,Monsoon
06-Sep-2023,Krishna Janmashtami,Monsoon
19-Sep-2023,Ganesh Chaturthi,Monsoon
02-Oct-2023,Gandhi Jayanti,Autumn
15-Oct-2023,Sharad Navratri Begins,Autumn
24-Oct-2023,Dussehra,Autumn
12-Nov-2023,Diwali,Autumn
14-Nov-2023,Govardhan Puja / Bhai Dooj,Autumn
19-Nov-2023,Chhath Puja / Guru Nanak Jayanti,Autumn
25-Dec-2023,Christmas,Winter
15-Jan-2024,Makar Sankranti / Pongal,Winter
26-Jan-2024,Republic Day,Winter
08-Mar-2024,Maha Shivaratri,Spring
25-Mar-2024,Holi,Spring
09-Apr-2024,Ugadi / Gudi Padwa,Summer
11-Apr-2024,Eid-ul-Fitr,Summer
14-Apr-2024,Baisakhi,Summer
17-Apr-2024,Rama Navami,Summer
23-May-2024,Buddha Purnima,Summer
17-Jun-2024,Bakrid / Eid al-Adha,Summer
15-Aug-2024,Independence Day,Monsoon
19-Aug-2024,Raksha Bandhan,Monsoon
26-Aug-2024,Krishna Janmashtami,Monsoon
07-Sep-2024,Ganesh Chaturthi,Monsoon
15-Sep-2024,Onam,Monsoon
02-Oct-2024,Gandhi Jayanti,Autumn
03-Oct-2024,Sharad Navratri Begins,Autumn
12-Oct-2024,Dussehra,Autumn
20-Oct-2024,Karwa Chauth,Autumn
31-Oct-2024,Diwali,Autumn
07-Nov-2024,Chhath Puja,Autumn
15-Nov-2024,Guru Nanak Jayanti,Autumn
25-Dec-2024,Christmas,Winter
14-Jan-2025,Makar Sankranti / Pongal,Winter
26-Jan-2025,Republic Day,Winter
14-Mar-2025,Holi,Spring
06-Apr-2025,Rama Navami,Summer
09-Aug-2025,Raksha Bandhan,Monsoon
15-Aug-2025,Independence Day / Janmashtami (Smarta),Monsoon
16-Aug-2025,Janmashtami (ISKCON),Monsoon
27-Aug-2025,Ganesh Chaturthi,Monsoon
05-Sep-2025,Onam,Monsoon
02-Oct-2025,Gandhi Jayanti / Dussehra,Autumn
10-Oct-2025,Karwa Chauth,Autumn
20-Oct-2025,Diwali,Autumn
05-Nov-2025,Guru Nanak Jayanti,Autumn
25-Dec-2025,Christmas,Winter
14-Jan-2026,Makar Sankranti / Pongal,Winter
26-Jan-2026,Republic Day,Winter
15-Feb-2026,Maha Shivaratri,Winter
03-Mar-2026,Holika Dahan,Spring
04-Mar-2026,Holi,Spring
19-Mar-2026,Ugadi / Gudi Padwa / Chaitra New Year,Spring
26-Mar-2026,Rama Navami,Spring
14-Apr-2026,Baisakhi / Ambedkar Jayanti,Summer
12-May-2026,Buddha Purnima,Summer
16-Jul-2026,Jagannath Rath Yatra,Monsoon
15-Aug-2026,Independence Day,Monsoon
26-Aug-2026,Onam,Monsoon
28-Aug-2026,Raksha Bandhan,Monsoon
04-Sep-2026,Krishna Janmashtami,Monsoon
14-Sep-2026,Ganesh Chaturthi,Monsoon
02-Oct-2026,Gandhi Jayanti,Autumn
11-Oct-2026,Sharad Navratri Begins,Autumn
20-Oct-2026,Dussehra,Autumn
29-Oct-2026,Karwa Chauth,Autumn
06-Nov-2026,Dhanteras,Autumn
08-Nov-2026,Diwali,Autumn
10-Nov-2026,Govardhan Puja,Autumn
11-Nov-2026,Bhai Dooj,Autumn
24-Nov-2026,Guru Nanak Jayanti,Autumn
25-Dec-2026,Christmas,Winter
