#,Create Date,Manufacturer No,Style No,Style Date,Category,Parent Style,Sub Category,Create By,Collection,Manufacturer Name,Main Metal,Remarks,Gross Wt,Net Wt,Dia Pcs,Dia Wt,CS Pcs,CS Wt,Stock Type,,,
Indeterminate,12-Mar-2025 17:11:00,DR24064,R14448,12-Mar-2025,RING,R14448,Cluster,Suryakant,Daily Wear,PODDAR DIAMOND PVT LTD.-DAHISAR FACTORY,G18K,Mould Cut-18-03-25,3.527,3.300,6,1.136,0,0.000,STORE CONFIRM ORDER,,,
Indeterminate,12-Mar-2025 17:01:00,DN2400,N19612,12-Mar-2025,TANMANIYA,N19612,Mangalsutra,Suryakant,FAISHOIN WEAR,PODDAR DIAMOND PVT LTD.-DAHISAR FACTORY,G18K,Mould Cut-18-03-25,1.306,1.200,12,0.528,0,0.000,STORE CONFIRM ORDER,,,
Indeterminate,12-Mar-2025 16:21:00,DR24063,R14447,12-Mar-2025,RING,R14447,Cluster,Suryakant,FAISHOIN WEAR,PODDAR DIAMOND PVT LTD.-DAHISAR FACTORY,G18K,Mould Cut-18-03-25,2.982,2.800,6,0.912,0,0.000,STORE CONFIRM ORDER,,,
Indeterminate,12-Mar-2025 16:19:00,DE8490,T19175,12-Mar-2025,EARRING,T19175,,Suryakant,Daily Wear,PODDAR DIAMOND PVT LTD.-DAHISAR FACTORY,G18K,Mould Cut-18-03-25,3.196,3.000,10,0.980,0,0.000,STORE CONFIRM ORDER,,,
Indeterminate,12-Mar-2025 16:16:00,DN2399,N19611,12-Mar-2025,NECKLACE,N19611,FASHION,Suryakant,FAISHOIN WEAR,PODDAR DIAMOND PVT LTD.-DAHISAR FACTORY,G18K,,2.449,2.400,7,0.245,0,0.000,STORE CONFIRM ORDER,,,
Indeterminate,12-Mar-2025 15:53:00,DR24277,R14446,12-Mar-2025,RING,R14446,Solitaire,Suryakant,Solitaire,PODDAR DIAMOND PVT LTD.-DAHISAR FACTORY,G18K,Mould Cut-18-03-25,2.550,2.400,1,0.750,0,0.000,STORE CONFIRM ORDER,,,
Indeterminate,12-Mar-2025 15:29:00,DR24275,R14444,12-Mar-2025,RING,R14444,Side stone,Suryakant,Daily Wear,PODDAR DIAMOND PVT LTD.-DAHISAR FACTORY,G18K,Mould Cut-18-03-25,3.735,3.500,7,1.174,0,0.000,STORE CONFIRM ORDER,,,
Indeterminate,12-Mar-2025 15:19:00,DR24276,R14445,12-Mar-2025,RING,R14445,Solitaire,Suryakant,Daily Wear,PODDAR DIAMOND PVT LTD.-DAHISAR FACTORY,G18K,Mould Cut-18-03-25,2.150,2.000,1,0.750,0,0.000,STORE CONFIRM ORDER,,,
Indeterminate,12-Mar-2025 15:07:00,DR24062,R14443,12-Mar-2025,RING,R14443,Three Stone Ring,Suryakant,,PODDAR DIAMOND PVT LTD.-DAHISAR FACTORY,G18K,Mould Cut-18-03-25,2.348,2.200,3,0.738,0,0.000,STORE CONFIRM ORDER,,,
Indeterminate,12-Mar-2025 14:56:00,DP12076,P20056,12-Mar-2025,PENDANT,P20056,FASHION,Suryakant,,PODDAR DIAMOND PVT LTD.-DAHISAR FACTORY,G18K,Mould Cut-18-03-25,2.034,1.900,18,0.668,0,0.000,STORE CONFIRM ORDER,,,
Indeterminate,12-Mar-2025 14:45:00,DE10243,T19174,12-Mar-2025,EARRING,T19174,FASHION,Suryakant,,PODDAR DIAMOND PVT LTD.-DAHISAR FACTORY,G18K,Mould Cut-18-03-25,1.534,1.400,6,0.668,0,0.000,STORE CONFIRM ORDER,,,
Indeterminate,12-Mar-2025 14:35:00,DE8489,T19173,12-Mar-2025,EARRING,T19173,FLOWER,Suryakant,Daily Wear,PODDAR DIAMOND PVT LTD.-DAHISAR FACTORY,G18K,Mould Cut-18-03-25,2.797,2.600,14,0.984,0,0.000,STORE CONFIRM ORDER,,,
Indeterminate,12-Mar-2025 13:00:00,DE10240,T19172,12-Mar-2025,EARRING,T19172,FLOWER,Suryakant,FAISHOIN WEAR,PODDAR DIAMOND PVT LTD.-DAHISAR FACTORY,G18K,Mould Cut-18-03-25,2.607,2.400,14,1.036,0,0.000,STORE CONFIRM ORDER,,,
Indeterminate,12-Mar-2025 12:54:00,DE8488,T19171,12-Mar-2025,EARRING,T19171,FLOWER,Suryakant,FAISHOIN WEAR,PODDAR DIAMOND PVT LTD.-DAHISAR FACTORY,G18K,Mould Cut-18-03-25,2.993,2.800,14,0.966,0,0.000,STORE CONFIRM ORDER,,,
Indeterminate,12-Mar-2025 12:28:00,DE10236,T20055,12-Mar-2025,EARRING,P20055,CIRCLE,Suryakant,FAISHOIN WEAR,PODDAR DIAMOND PVT LTD.-DAHISAR FACTORY,G18K,Mould Cut-18-03-25,3.747,3.500,38,1.234,0,0.000,STORE CONFIRM ORDER,,,
Indeterminate,12-Mar-2025 12:23:00,DP12078,P20055,12-Mar-2025,PENDANT,T20055,CIRCLE,Suryakant,FAISHOIN WEAR,PODDAR DIAMOND PVT LTD.-DAHISAR FACTORY,G18K,Mould Cut-18-03-25,2.600,2.400,27,1.000,0,0.000,STORE CONFIRM ORDER,,,
Indeterminate,12-Mar-2025 12:21:00,DE10237,T19170,12-Mar-2025,EARRING,T19170,STUD,Suryakant,,PODDAR DIAMOND PVT LTD.-DAHISAR FACTORY,G18K,MOULD CUT - 21.03.2025,2.100,1.900,2,1.000,0,0.000,STORE CONFIRM ORDER,,,
Indeterminate,12-Mar-2025 11:52:00,DE10238,T20054,12-Mar-2025,EARRING,T20054,Halo,Suryakant,Daily Wear,PODDAR DIAMOND PVT LTD.-DAHISAR FACTORY,G18K,Mould Cut-18-03-25,3.167,2.900,36,1.336,0,0.000,STORE CONFIRM ORDER,,,
Indeterminate,12-Mar-2025 11:37:00,DR23754,R14442,12-Mar-2025,RING,R14442,Three Stone Ring,Suryakant,FAISHOIN WEAR,PODDAR DIAMOND PVT LTD.-DAHISAR FACTORY,G18K,Mould Cut-18-03-25,3.206,3.000,3,1.030,0,0.000,STORE CONFIRM ORDER,,,
Indeterminate,11-Mar-2025 16:37:00,GR133,R14441,11-Mar-2025,RING,R14441,ENGAGEMENT,shweta,FASHION WEAR,PODDAR DIAMOND PVT LTD.-DAHISAR FACTORY,G18K,,11.913,10.800,45,5.564,0,0.000,STORE CONFIRM ORDER,,,
Indeterminate,29-Mar-2025 10:17:00,DR23768,R14566,29-Mar-2025,RING,R14566,FASHION BAND,Suryakant,FAISHOIN WEAR,PODDAR DIAMOND PVT LTD.-DAHISAR FACTORY,G18K,,3.419,3.200,10,1.096,0,0.000,STORE CONFIRM ORDER,,,
Indeterminate,29-Mar-2025 10:21:00,DNP326,NP20515,29-Mar-2025,NOSE PIN,NP20515,SOLITAIRE,Suryakant,Daily Wear,PODDAR DIAMOND PVT LTD.-DAHISAR FACTORY,G18K,,1.400,1.300,1,0.500,0,0.000,STORE CONFIRM ORDER,,,
Indeterminate,29-Mar-2025 10:31:00,DP11959,P20106,29-Mar-2025,PENDANT,P20106,FASHION,Suryakant,FAISHOIN WEAR,PODDAR DIAMOND PVT LTD.-DAHISAR FACTORY,G18K,,2.145,2.000,15,0.725,0,0.000,STORE CONFIRM ORDER,,,
Indeterminate,29-Mar-2025 10:31:00,DR25429,R14570,29-Mar-2025,RING,R14570,FASHION BAND,Suryakant,FAISHOIN WEAR,PODDAR DIAMOND PVT LTD.-DAHISAR FACTORY,G18K,,3.102,2.900,14,1.008,0,0.000,STORE CONFIRM ORDER,,,
Indeterminate,29-Mar-2025 10:56:00,DP21109,P20085,29-Mar-2025,PENDANT,P20085,HEART,Suryakant,FAISHOIN WEAR,PODDAR DIAMOND PVT LTD.-DAHISAR FACTORY,G18K,,4.030,3.940,37,0.448,0,0.000,STORE CONFIRM ORDER,,,
Indeterminate,29-Mar-2025 11:03:00,DP21110,P20086,29-Mar-2025,PENDANT,P20086,HEART,Suryakant,FAISHOIN WEAR,PODDAR DIAMOND PVT LTD.-DAHISAR FACTORY,G18K,,3.574,3.530,55,0.221,0,0.000,STORE CONFIRM ORDER,,,
Indeterminate,29-Mar-2025 11:17:00,DP11960,P20108,29-Mar-2025,PENDANT,P20108,BEZAL,Suryakant,FAISHOIN WEAR,PODDAR DIAMOND PVT LTD.-DAHISAR FACTORY,G18K,,1.260,1.100,1,0.800,0,0.000,STORE CONFIRM ORDER,,,
Indeterminate,29-Mar-2025 11:37:00,plr209,R14490,29-Mar-2025,RING,R14490,BAND,shweta,FASHION WEAR,PODDAR DIAMOND PVT LTD.-DAHISAR FACTORY,G18K,,6.418,6.000,22,2.090,0,0.000,STORE CONFIRM ORDER,,,
Indeterminate,29-Mar-2025 11:42:00,DR24293,R14571,29-Mar-2025,RING,R14571,FASHION,Suryakant,FAISHOIN WEAR,PODDAR DIAMOND PVT LTD.-DAHISAR FACTORY,G18K,,5.388,5.100,15,1.442,0,0.000,STORE CONFIRM ORDER,,,
Indeterminate,11-Mar-2025 12:44:00,PLR201,R14440,11-Mar-2025,RING,R14440,ENGAGEMENT,shweta,FASHION WEAR,PODDAR DIAMOND PVT LTD.-DAHISAR FACTORY,G18K,,7.331,6.500,53,4.154,0,0.000,STORE CONFIRM ORDER,,,
Indeterminate,10-Mar-2025 10:45:00,DP11659,P16581,10-Mar-2025,PENDANT,P16581,SOLITAIRE,shweta,FASHION WEAR,PODDAR DIAMOND PVT LTD.-DAHISAR FACTORY,G18K,,3.886,3.500,89,0.432,1,1.500,STORE CONFIRM ORDER,,,
Indeterminate,10-Mar-2025 10:39:00,DR24116,R14439,10-Mar-2025,RING,R14439,ENGAGEMENT,shweta,FASHION WEAR,PODDAR DIAMOND PVT LTD.-DAHISAR FACTORY,G18K,,4.987,4.300,66,0.576,1,2.860,STORE CONFIRM ORDER,,,
Indeterminate,06-Mar-2025 10:52:00,DR24318,R14438,06-Mar-2025,RING,R14438,ENGAGEMENT,shweta,FASHION WEAR,PODDAR DIAMOND PVT LTD.-DAHISAR FACTORY,G18K,,5.876,4.500,9,6.880,0,0.000,STORE CONFIRM ORDER,,,
Indeterminate,03-Mar-2025 16:46:00,GR8,R14437,03-Mar-2025,RING,R14437,ENGAGEMENT,shweta,FASHION WEAR,PODDAR DIAMOND PVT LTD.-DAHISAR FACTORY,G18K,,6.812,5.800,97,5.058,0,0.000,STORE CONFIRM ORDER,,,
Indeterminate,28-Feb-2025 11:15:00,DBG568,BG15414,28-Feb-2025,BANGLE,BG15414,FASHION,shweta,FASHION WEAR,PODDAR DIAMOND PVT LTD.-DAHISAR FACTORY,G18K,,34.098,32.000,152,10.488,0,0.000,STORE CONFIRM ORDER,,,
Indeterminate,28-Feb-2025 11:05:00,DE10235,T18746,28-Feb-2025,EARRING,T18746,STUD,shweta,FASHION WEAR,PODDAR DIAMOND PVT LTD.-DAHISAR FACTORY,G18K,,3.400,2.600,2,4.000,0,0.000,STORE CONFIRM ORDER,,,
Indeterminate,28-Mar-2025 15:35:00,DR24200,R14559,28-Mar-2025,RING,R14559,FASHION,Suryakant,FAISHOIN WEAR,PODDAR DIAMOND PVT LTD.-DAHISAR FACTORY,G18K,,5.536,5.500,18,0.180,0,0.000,STORE CONFIRM ORDER,,,
Indeterminate,29-Mar-2025 14:31:00,DP21119,P20095,29-Mar-2025,PENDANT,P20095,FASHION,Suryakant,FAISHOIN WEAR,PODDAR DIAMOND PVT LTD.-DAHISAR FACTORY,G18K,,2.217,2.210,3,0.036,0,0.000,STORE CONFIRM ORDER,,,
Indeterminate,29-Mar-2025 15:00:00,GBR3,BR16743,29-Mar-2025,BRACELET,BR16743,FASHION,shweta,FASHION WEAR,PODDAR DIAMOND PVT LTD.-DAHISAR FACTORY,G18K,,20.231,18.800,49,7.154,0,0.000,STORE CONFIRM ORDER,,,
Indeterminate,29-Mar-2025 15:18:00,DP21120,P20096,29-Mar-2025,PENDANT,P20096,FASHION,Suryakant,FAISHOIN WEAR,PODDAR DIAMOND PVT LTD.-DAHISAR FACTORY,G18K,,6.342,6.230,56,0.560,0,0.000,STORE CONFIRM ORDER,,,
Indeterminate,29-Mar-2025 15:23:00,DP21121,P20097,29-Mar-2025,PENDANT,P20097,FLOWER,Suryakant,FAISHOIN WEAR,PODDAR DIAMOND PVT LTD.-DAHISAR FACTORY,G18K,,4.500,4.430,35,0.350,0,0.000,STORE CONFIRM ORDER,,,
Indeterminate,29-Mar-2025 15:30:00,DP21122,P20098,29-Mar-2025,PENDANT,P20098,FASHION,Suryakant,FAISHOIN WEAR,PODDAR DIAMOND PVT LTD.-DAHISAR FACTORY,G18K,,4.737,4.660,42,0.383,0,0.000,STORE CONFIRM ORDER,,,
Indeterminate,29-Mar-2025 15:51:00,DP21124,P20100,29-Mar-2025,PENDANT,P20100,FLOWER,Suryakant,FAISHOIN WEAR,PODDAR DIAMOND PVT LTD.-DAHISAR FACTORY,G18K,,3.915,3.870,45,0.227,0,0.000,STORE CONFIRM ORDER,,,
Indeterminate,29-Mar-2025 15:57:00,DP21125,P20101,29-Mar-2025,PENDANT,P20101,BUTTERFLY,Suryakant,FAISHOIN WEAR,PODDAR DIAMOND PVT LTD.-DAHISAR FACTORY,G18K,,6.329,6.160,102,0.846,0,0.000,STORE CONFIRM ORDER,,,
Indeterminate,29-Mar-2025 16:02:00,DP21126,P20102,29-Mar-2025,PENDANT,P20102,FASHION,Suryakant,Daily Wear,PODDAR DIAMOND PVT LTD.-DAHISAR FACTORY,G18K,,2.933,2.910,1,0.116,0,0.000,STORE CONFIRM ORDER,,,
Indeterminate,29-Mar-2025 16:10:00,DP21127,P20103,29-Mar-2025,PENDANT,P20103,HEART,Suryakant,FAISHOIN WEAR,PODDAR DIAMOND PVT LTD.-DAHISAR FACTORY,G18K,,3.338,3.320,3,0.089,0,0.000,STORE CONFIRM ORDER,,,
Indeterminate,29-Mar-2025 16:28:00,DP21128,P20104,29-Mar-2025,PENDANT,P20104,HEART,Suryakant,FAISHOIN WEAR,PODDAR DIAMOND PVT LTD.-DAHISAR FACTORY,G18K,,4.275,4.260,10,0.076,0,0.000,STORE CONFIRM ORDER,,,
Indeterminate,29-Mar-2025 16:35:00,DR23772,R14573,29-Mar-2025,RING,R14573,7 STONE,Suryakant,FAISHOIN WEAR,PODDAR DIAMOND PVT LTD.-DAHISAR FACTORY,G18K,,2.748,2.600,7,0.742,0,0.000,STORE CONFIRM ORDER,,,
Indeterminate,29-Mar-2025 16:35:00,DP21129,P20105,29-Mar-2025,PENDANT,P20105,FASHION,Suryakant,FAISHOIN WEAR,PODDAR DIAMOND PVT LTD.-DAHISAR FACTORY,G18K,,4.326,4.260,1,0.330,0,0.000,STORE CONFIRM ORDER,,,
Indeterminate,29-Mar-2025 16:59:00,DP21123,P20099,29-Mar-2025,PENDANT,P20099,FASHION,Suryakant,FAISHOIN WEAR,PODDAR DIAMOND PVT LTD.-DAHISAR FACTORY,G18K,,3.663,3.560,46,0.517,0,0.000,STORE CONFIRM ORDER,,,
Indeterminate,31-Mar-2025 08:53:00,DP11961,P20129,31-Mar-2025,PENDANT,P20129,FASHION,Suryakant,FAISHOIN WEAR,PODDAR DIAMOND PVT LTD.-DAHISAR FACTORY,G18K,,2.231,2.100,27,0.654,0,0.000,STORE CONFIRM ORDER,,,
Indeterminate,31-Mar-2025 08:55:00,DP21151,P20109,31-Mar-2025,PENDANT,P20109,HEART,Suryakant,FAISHOIN WEAR,PODDAR DIAMOND PVT LTD.-DAHISAR FACTORY,G18K,,3.901,3.880,18,0.106,0,0.000,STORE CONFIRM ORDER,,,
Indeterminate,31-Mar-2025 09:07:00,DP21131,P20110,31-Mar-2025,PENDANT,P20110,HEART,Suryakant,FAISHOIN WEAR,PODDAR DIAMOND PVT LTD.-DAHISAR FACTORY,G18K,,3.673,3.660,3,0.063,0,0.000,STORE CONFIRM ORDER,,,
Indeterminate,31-Mar-2025 09:12:00,DR23773,R14574,31-Mar-2025,RING,R14574,FASHION,Suryakant,FAISHOIN WEAR,PODDAR DIAMOND PVT LTD.-DAHISAR FACTORY,G18K,,3.286,3.100,3,0.930,0,0.000,STORE CONFIRM ORDER,,,
Indeterminate,31-Mar-2025 09:18:00,DP21132,P20111,31-Mar-2025,PENDANT,P20111,HEART,Suryakant,FAISHOIN WEAR,PODDAR DIAMOND PVT LTD.-DAHISAR FACTORY,G18K,,4.893,4.890,3,0.014,0,0.000,STORE CONFIRM ORDER,,,
Indeterminate,31-Mar-2025 09:19:00,DR23774,R14575,31-Mar-2025,RING,R14575,FASHION,Suryakant,FAISHOIN WEAR,PODDAR DIAMOND PVT LTD.-DAHISAR FACTORY,G18K,,3.807,3.600,17,1.035,0,0.000,STORE CONFIRM ORDER,,,
Indeterminate,31-Mar-2025 09:55:00,DR23775,R14576,31-Mar-2025,RING,R14576,FASHION,Suryakant,FAISHOIN WEAR,PODDAR DIAMOND PVT LTD.-DAHISAR FACTORY,G18K,,2.963,2.800,23,0.814,0,0.000,STORE CONFIRM ORDER,,,
Indeterminate,31-Mar-2025 10:02:00,DR24294,R14577,31-Mar-2025,RING,R14577,Halo,Suryakant,FAISHOIN WEAR,PODDAR DIAMOND PVT LTD.-DAHISAR FACTORY,G18K,,3.175,3.000,25,0.876,0,0.000,STORE CONFIRM ORDER,,,
Indeterminate,31-Mar-2025 10:08:00,DP21133,P20112,31-Mar-2025,PENDANT,P20112,FASHION,Suryakant,FAISHOIN WEAR,PODDAR DIAMOND PVT LTD.-DAHISAR FACTORY,G18K,,10.412,10.260,131,0.760,0,0.000,STORE CONFIRM ORDER,,,
Indeterminate,31-Mar-2025 10:09:00,DR24330,R14578,31-Mar-2025,RING,R14578,FASHION,Suryakant,FAISHOIN WEAR,PODDAR DIAMOND PVT LTD.-DAHISAR FACTORY,G18K,,3.217,3.000,15,1.084,0,0.000,STORE CONFIRM ORDER,,,
Indeterminate,31-Mar-2025 10:17:00,DP21134,P20113,31-Mar-2025,PENDANT,P20113,FASHION,Suryakant,FAISHOIN WEAR,PODDAR DIAMOND PVT LTD.-DAHISAR FACTORY,G18K,,6.501,6.330,84,0.853,0,0.000,STORE CONFIRM ORDER,,,
Indeterminate,31-Mar-2025 10:25:00,DP21135,P20114,31-Mar-2025,PENDANT,P20114,FASHION,Suryakant,FAISHOIN WEAR,PODDAR DIAMOND PVT LTD.-DAHISAR FACTORY,G18K,,6.081,5.950,74,0.656,0,0.000,STORE CONFIRM ORDER,,,
Indeterminate,31-Mar-2025 10:46:00,DP21136,P20115,31-Mar-2025,PENDANT,P20115,FASHION,Suryakant,FAISHOIN WEAR,PODDAR DIAMOND PVT LTD.-DAHISAR FACTORY,G18K,,4.901,4.800,84,0.504,0,0.000,STORE CONFIRM ORDER,,,
Indeterminate,31-Mar-2025 10:52:00,DP21137,P20116,31-Mar-2025,PENDANT,P20116,STAR,Suryakant,FAISHOIN WEAR,PODDAR DIAMOND PVT LTD.-DAHISAR FACTORY,G18K,,4.776,4.720,38,0.280,0,0.000,STORE CONFIRM ORDER,,,
Indeterminate,31-Mar-2025 10:52:00,DE10329,T19242,31-Mar-2025,EARRING,T19242,FLOWER,Suryakant,FAISHOIN WEAR,PODDAR DIAMOND PVT LTD.-DAHISAR FACTORY,G18K,Mould Cut-09-04-25,2.228,2.100,22,0.638,0,0.000,STORE CONFIRM ORDER,,,
Indeterminate,31-Mar-2025 11:00:00,DP21138,P20117,31-Mar-2025,PENDANT,P20117,FASHION,Suryakant,FAISHOIN WEAR,PODDAR DIAMOND PVT LTD.-DAHISAR FACTORY,G18K,,4.401,4.320,49,0.403,0,0.000,STORE CONFIRM ORDER,,,
Indeterminate,31-Mar-2025 11:23:00,DP21130,P20130,31-Mar-2025,PENDANT,P20130,FASHION,Suryakant,FAISHOIN WEAR,PODDAR DIAMOND PVT LTD.-DAHISAR FACTORY,G18K,,1.602,1.500,8,0.509,0,0.000,STORE CONFIRM ORDER,,,
Indeterminate,31-Mar-2025 11:28:00,DP21139,P20118,31-Mar-2025,PENDANT,P20118,FASHION,Suryakant,FAISHOIN WEAR,PODDAR DIAMOND PVT LTD.-DAHISAR FACTORY,G18K,,4.927,4.740,46,0.934,0,0.000,STORE CONFIRM ORDER,,,
Indeterminate,31-Mar-2025 11:43:00,DP21140,P20119,31-Mar-2025,PENDANT,P20119,FASHION,Suryakant,FAISHOIN WEAR,PODDAR DIAMOND PVT LTD.-DAHISAR FACTORY,G18K,,6.143,6.040,33,0.514,0,0.000,STORE CONFIRM ORDER,,,
Indeterminate,28-Mar-2025 15:14:00,DR24198,R14557,28-Mar-2025,RING,R14557,FASHION,Suryakant,FAISHOIN WEAR,PODDAR DIAMOND PVT LTD.-DAHISAR FACTORY,G18K,,5.639,5.400,65,1.196,0,0.000,STORE CONFIRM ORDER,,,
Indeterminate,28-Mar-2025 15:04:00,DR24197,R14556,28-Mar-2025,RING,R14556,FASHION,Suryakant,FAISHOIN WEAR,PODDAR DIAMOND PVT LTD.-DAHISAR FACTORY,G18K,,3.425,3.400,18,0.126,0,0.000,STORE CONFIRM ORDER,,,
Indeterminate,28-Mar-2025 14:45:00,DR24196,R14555,28-Mar-2025,RING,R14555,FASHION,Suryakant,FAISHOIN WEAR,PODDAR DIAMOND PVT LTD.-DAHISAR FACTORY,G18K,,5.501,5.400,49,0.505,0,0.000,STORE CONFIRM ORDER,,,
Indeterminate,28-Mar-2025 14:35:00,DR24195,R14554,28-Mar-2025,RING,R14554,HEART,Suryakant,RELIGIOUS WEAR,PODDAR DIAMOND PVT LTD.-DAHISAR FACTORY,G18K,,6.064,6.000,44,0.320,0,0.000,STORE CONFIRM ORDER,,,
Indeterminate,28-Mar-2025 14:03:00,DR24194,R14553,28-Mar-2025,RING,R14553,FASHION,Suryakant,FAISHOIN WEAR,PODDAR DIAMOND PVT LTD.-DAHISAR FACTORY,G18K,,8.083,7.920,64,0.817,0,0.000,STORE CONFIRM ORDER,,,
Indeterminate,28-Mar-2025 13:56:00,DR24193,R14552,28-Mar-2025,RING,R14552,FASHION,Suryakant,WEDDING WEAR,PODDAR DIAMOND PVT LTD.-DAHISAR FACTORY,G18K,,3.941,3.870,38,0.356,0,0.000,STORE CONFIRM ORDER,,,
Indeterminate,28-Mar-2025 12:59:00,DR24192,R14551,28-Mar-2025,RING,R14551,FASHION,Suryakant,WEDDING WEAR,PODDAR DIAMOND PVT LTD.-DAHISAR FACTORY,G18K,,4.655,4.550,82,0.524,0,0.000,STORE CONFIRM ORDER,,,
Indeterminate,28-Mar-2025 12:30:00,DR25423,R14550,28-Mar-2025,RING,R14550,Two stone ring,Suryakant,FAISHOIN WEAR,PODDAR DIAMOND PVT LTD.-DAHISAR FACTORY,G18K,,2.248,2.100,2,0.740,0,0.000,STORE CONFIRM ORDER,,,
Indeterminate,28-Mar-2025 12:19:00,DR25422,R14549,28-Mar-2025,RING,R14549,Two stone ring,Suryakant,FAISHOIN WEAR,PODDAR DIAMOND PVT LTD.-DAHISAR FACTORY,G18K,,2.012,1.900,2,0.560,0,0.000,STORE CONFIRM ORDER,,,
Indeterminate,28-Mar-2025 11:56:00,DN3111,N19623,28-Mar-2025,TANMANIYA,N19623,Mangalsutra,Suryakant,FAISHOIN WEAR,PODDAR DIAMOND PVT LTD.-DAHISAR FACTORY,G18K,,4.527,4.300,19,1.133,0,0.000,STORE CONFIRM ORDER,,,
Indeterminate,28-Mar-2025 11:44:00,DR25412,R14548,28-Mar-2025,RING,R14548,FASHION,Suryakant,FAISHOIN WEAR,PODDAR DIAMOND PVT LTD.-DAHISAR FACTORY,G18K,,4.236,4.000,89,1.180,0,0.000,STORE CONFIRM ORDER,,,
Indeterminate,28-Mar-2025 11:27:00,DR25420,R14547,28-Mar-2025,RING,R14547,Two stone ring,Suryakant,Daily Wear,PODDAR DIAMOND PVT LTD.-DAHISAR FACTORY,G18K,"
",3.176,3.000,2,0.878,0,0.000,STORE CONFIRM ORDER,,,
Indeterminate,28-Mar-2025 11:15:00,DR25402,R14546,28-Mar-2025,RING,R14546,5 STONE,Suryakant,Daily Wear,PODDAR DIAMOND PVT LTD.-DAHISAR FACTORY,G18K,,2.849,2.700,5,0.746,0,0.000,STORE CONFIRM ORDER,,,
Indeterminate,28-Mar-2025 10:48:00,DR23767,R14545,28-Mar-2025,RING,R14545,Cluster,Suryakant,FAISHOIN WEAR,PODDAR DIAMOND PVT LTD.-DAHISAR FACTORY,G18K,,4.266,4.000,7,1.330,0,0.000,STORE CONFIRM ORDER,,,
Indeterminate,28-Mar-2025 10:06:00,DR24191,R14544,28-Mar-2025,RING,R14544,FASHION,Suryakant,FAISHOIN WEAR,PODDAR DIAMOND PVT LTD.-DAHISAR FACTORY,G18K,,7.068,6.980,21,0.441,0,0.000,STORE CONFIRM ORDER,,,
Indeterminate,28-Mar-2025 10:05:00,DP11958,P20082,28-Mar-2025,PENDANT,P20082,FASHION,Suryakant,FAISHOIN WEAR,PODDAR DIAMOND PVT LTD.-DAHISAR FACTORY,G18K,,2.302,2.100,27,1.008,0,0.000,STORE CONFIRM ORDER,,,
Indeterminate,28-Mar-2025 09:59:00,DR24190,R14543,28-Mar-2025,RING,R14543,FASHION,Suryakant,FAISHOIN WEAR,PODDAR DIAMOND PVT LTD.-DAHISAR FACTORY,G18K,,4.340,4.220,56,0.600,0,0.000,STORE CONFIRM ORDER,,,
Indeterminate,28-Mar-2025 09:40:00,DR24189,R14542,28-Mar-2025,RING,R14542,FASHION,Suryakant,FAISHOIN WEAR,PODDAR DIAMOND PVT LTD.-DAHISAR FACTORY,G18K,,4.673,4.520,49,0.765,0,0.000,STORE CONFIRM ORDER,,,
Indeterminate,28-Mar-2025 09:38:00,DP11957,P20081,28-Mar-2025,PENDANT,P20081,FASHION,Suryakant,FAISHOIN WEAR,PODDAR DIAMOND PVT LTD.-DAHISAR FACTORY,G18K,Mould Cut-09-04-25-Mould Cut-14-04-25,1.825,1.700,9,0.626,0,0.000,STORE CONFIRM ORDER,,,
Indeterminate,28-Mar-2025 09:29:00,DP11956,P20080,28-Mar-2025,PENDANT,P20080,FASHION,Suryakant,FAISHOIN WEAR,PODDAR DIAMOND PVT LTD.-DAHISAR FACTORY,G18K,,1.605,1.500,8,0.523,0,0.000,STORE CONFIRM ORDER,,,
Indeterminate,28-Mar-2025 09:29:00,DR24188,R14541,28-Mar-2025,RING,R14541,FASHION,Suryakant,FAISHOIN WEAR,PODDAR DIAMOND PVT LTD.-DAHISAR FACTORY,G18K,,4.960,4.880,67,0.402,0,0.000,STORE CONFIRM ORDER,,,
Indeterminate,28-Mar-2025 09:16:00,DP11666,P20079,28-Mar-2025,PENDANT,P20079,FASHION,Suryakant,FAISHOIN WEAR,PODDAR DIAMOND PVT LTD.-DAHISAR FACTORY,G18K,,3.724,3.500,40,1.118,0,0.000,STORE CONFIRM ORDER,,,
Indeterminate,28-Mar-2025 09:16:00,DR24187,R14540,28-Mar-2025,RING,R14540,FASHION,Suryakant,FAISHOIN WEAR,PODDAR DIAMOND PVT LTD.-DAHISAR FACTORY,G18K,,4.413,4.370,18,0.214,0,0.000,STORE CONFIRM ORDER,,,
Indeterminate,28-Mar-2025 09:13:00,DP11665,P20078,28-Mar-2025,PENDANT,P20078,Halo,Suryakant,FAISHOIN WEAR,PODDAR DIAMOND PVT LTD.-DAHISAR FACTORY,G18K,,2.453,2.300,14,0.764,0,0.000,STORE CONFIRM ORDER,,,
Indeterminate,28-Mar-2025 09:07:00,DN2557,N19622,28-Mar-2025,TANMANIYA,N19622,Mangalsutra,Suryakant,FAISHOIN WEAR,PODDAR DIAMOND PVT LTD.-DAHISAR FACTORY,G18K,,4.154,3.900,23,1.270,0,0.000,STORE CONFIRM ORDER,,,
Indeterminate,28-Mar-2025 09:02:00,DE8497,T19236,28-Mar-2025,EARRING,T19236,Halo,Suryakant,FAISHOIN WEAR,PODDAR DIAMOND PVT LTD.-DAHISAR FACTORY,G18K,,3.571,3.300,32,1.356,0,0.000,STORE CONFIRM ORDER,,,
Indeterminate,27-Mar-2025 18:15:00,DR24186,R14539,27-Mar-2025,RING,R14539,FASHION,Suryakant,FAISHOIN WEAR,PODDAR DIAMOND PVT LTD.-DAHISAR FACTORY,G18K,,4.462,4.370,47,0.460,0,0.000,STORE CONFIRM ORDER,,,
Indeterminate,27-Mar-2025 18:08:00,DR24170,R14523,27-Mar-2025,RING,R14523,FASHION,Suryakant,FAISHOIN WEAR,PODDAR DIAMOND PVT LTD.-DAHISAR FACTORY,G18K,,5.938,5.860,27,0.392,0,0.000,STORE CONFIRM ORDER,,,
Indeterminate,27-Mar-2025 18:01:00,DR24169,R14522,27-Mar-2025,RING,R14522,FASHION,Suryakant,,PODDAR DIAMOND PVT LTD.-DAHISAR FACTORY,G18K,,5.829,5.810,12,0.096,0,0.000,STORE CONFIRM ORDER,,,
Indeterminate,27-Mar-2025 17:56:00,DR24168,R14521,27-Mar-2025,RING,R14521,FASHION,Suryakant,,PODDAR DIAMOND PVT LTD.-DAHISAR FACTORY,G18K,,4.729,4.620,13,0.546,0,0.000,STORE CONFIRM ORDER,,,
Indeterminate,27-Mar-2025 17:46:00,DR24167,R14520,27-Mar-2025,RING,R14520,FASHION,Suryakant,,PODDAR DIAMOND PVT LTD.-DAHISAR FACTORY,G18K,,5.561,5.440,19,0.606,0,0.000,STORE CONFIRM ORDER,,,
Indeterminate,27-Mar-2025 17:36:00,DR24166,R14519,27-Mar-2025,RING,R14519,FASHION,Suryakant,FAISHOIN WEAR,PODDAR DIAMOND PVT LTD.-DAHISAR FACTORY,G18K,,5.060,4.910,1,0.750,0,0.000,STORE CONFIRM ORDER,,,
Indeterminate,27-Mar-2025 17:23:00,DR24165,R14518,27-Mar-2025,RING,R14518,FASHION,Suryakant,FAISHOIN WEAR,PODDAR DIAMOND PVT LTD.-DAHISAR FACTORY,G18K,,6.178,6.050,0,0.000,0,0.000,STORE CONFIRM ORDER,,,
Indeterminate,27-Mar-2025 17:14:00,DR24164,R14517,27-Mar-2025,RING,R14517,FASHION,Suryakant,FAISHOIN WEAR,PODDAR DIAMOND PVT LTD.-DAHISAR FACTORY,G18K,,5.209,5.180,8,0.146,0,0.000,STORE CONFIRM ORDER,,,
Indeterminate,27-Mar-2025 17:11:00,DR24185,R14538,27-Mar-2025,RING,R14538,CROSSOVER,Suryakant,FAISHOIN WEAR,PODDAR DIAMOND PVT LTD.-DAHISAR FACTORY,G18K,,4.658,4.590,37,0.340,0,0.000,STORE CONFIRM ORDER,,,
Indeterminate,27-Mar-2025 17:06:00,DR24163,R14516,27-Mar-2025,RING,R14516,FASHION,Suryakant,FAISHOIN WEAR,PODDAR DIAMOND PVT LTD.-DAHISAR FACTORY,G18K,,6.390,6.300,32,0.448,0,0.000,STORE CONFIRM ORDER,,,
Indeterminate,27-Mar-2025 17:05:00,DR24184,R14537,27-Mar-2025,RING,R14537,FASHION,Suryakant,FAISHOIN WEAR,PODDAR DIAMOND PVT LTD.-DAHISAR FACTORY,G18K,,4.171,4.070,73,0.504,0,0.000,STORE CONFIRM ORDER,,,
Indeterminate,27-Mar-2025 17:01:00,DP12089,P16582,27-Mar-2025,PENDANT,P16582,FASHION,shweta,FASHION WEAR,PODDAR DIAMOND PVT LTD.-DAHISAR FACTORY,G18K,,3.400,3.400,0,0.000,0,0.000,STORE CONFIRM ORDER,,,
Indeterminate,27-Mar-2025 16:58:00,DR24183,R14536,27-Mar-2025,RING,R14536,FASHION,Suryakant,FAISHOIN WEAR,PODDAR DIAMOND PVT LTD.-DAHISAR FACTORY,G18K,,4.134,4.100,12,0.168,0,0.000,STORE CONFIRM ORDER,,,
Indeterminate,27-Mar-2025 16:49:00,DR24182,R14535,27-Mar-2025,RING,R14535,Cluster,Suryakant,FAISHOIN WEAR,PODDAR DIAMOND PVT LTD.-DAHISAR FACTORY,G18K,,9.974,9.780,60,0.972,0,0.000,STORE CONFIRM ORDER,,,
Indeterminate,27-Mar-2025 16:49:00,DR24162,R14515,27-Mar-2025,RING,R14515,FASHION,Suryakant,FAISHOIN WEAR,PODDAR DIAMOND PVT LTD.-DAHISAR FACTORY,G18K,,3.859,3.830,24,0.144,0,0.000,STORE CONFIRM ORDER,,,
Indeterminate,27-Mar-2025 16:44:00,DR24181,R14534,27-Mar-2025,RING,R14534,Cluster,Suryakant,FAISHOIN WEAR,PODDAR DIAMOND PVT LTD.-DAHISAR FACTORY,G18K,,11.830,11.620,49,1.050,0,0.000,STORE CONFIRM ORDER,,,
Indeterminate,27-Mar-2025 16:39:00,DR24161,R14514,27-Mar-2025,RING,R14514,FASHION,Suryakant,FAISHOIN WEAR,PODDAR DIAMOND PVT LTD.-DAHISAR FACTORY,G18K,,4.479,4.460,14,0.094,0,0.000,STORE CONFIRM ORDER,,,
Indeterminate,27-Mar-2025 16:36:00,DR24180,R14533,27-Mar-2025,RING,R14533,Solitaire,Suryakant,FAISHOIN WEAR,PODDAR DIAMOND PVT LTD.-DAHISAR FACTORY,G18K,,5.660,5.570,1,0.450,0,0.000,STORE CONFIRM ORDER,,,
Indeterminate,27-Mar-2025 16:30:00,DR24179,R14532,27-Mar-2025,RING,R14532,Cluster,Suryakant,FAISHOIN WEAR,PODDAR DIAMOND PVT LTD.-DAHISAR FACTORY,G18K,,5.017,4.900,73,0.584,0,0.000,STORE CONFIRM ORDER,,,
Indeterminate,27-Mar-2025 16:29:00,DR24160,R14513,27-Mar-2025,RING,R14513,FASHION,Suryakant,,PODDAR DIAMOND PVT LTD.-DAHISAR FACTORY,G18K,,4.197,4.160,26,0.184,0,0.000,STORE CONFIRM ORDER,,,
Indeterminate,27-Mar-2025 16:25:00,DR24178,R14531,27-Mar-2025,RING,R14531,Cluster,Suryakant,FAISHOIN WEAR,PODDAR DIAMOND PVT LTD.-DAHISAR FACTORY,G18K,,4.884,4.830,68,0.270,0,0.000,STORE CONFIRM ORDER,,,
Indeterminate,27-Mar-2025 16:22:00,DR24159,R14512,27-Mar-2025,RING,R14512,FASHION,Suryakant,FAISHOIN WEAR,PODDAR DIAMOND PVT LTD.-DAHISAR FACTORY,G18K,,4.648,4.600,50,0.241,0,0.000,STORE CONFIRM ORDER,,,
Indeterminate,27-Mar-2025 16:18:00,DR24177,R14530,27-Mar-2025,RING,R14530,FASHION,Suryakant,FAISHOIN WEAR,PODDAR DIAMOND PVT LTD.-DAHISAR FACTORY,G18K,,10.737,10.630,41,0.534,0,0.000,STORE CONFIRM ORDER,,,
Indeterminate,27-Mar-2025 16:15:00,DR24158,R14511,27-Mar-2025,RING,R14511,FASHION,Suryakant,,PODDAR DIAMOND PVT LTD.-DAHISAR FACTORY,G18K,,4.216,4.190,25,0.128,0,0.000,STORE CONFIRM ORDER,,,
Indeterminate,27-Mar-2025 16:13:00,DR24176,R14529,27-Mar-2025,RING,R14529,Cluster,Suryakant,FAISHOIN WEAR,PODDAR DIAMOND PVT LTD.-DAHISAR FACTORY,G18K,,5.154,5.120,34,0.170,0,0.000,STORE CONFIRM ORDER,,,
Indeterminate,27-Mar-2025 16:09:00,DR24157,R14510,27-Mar-2025,RING,R14510,7 STONE,Suryakant,,PODDAR DIAMOND PVT LTD.-DAHISAR FACTORY,G18K,,6.424,6.410,7,0.070,0,0.000,STORE CONFIRM ORDER,,,
Indeterminate,27-Mar-2025 16:03:00,DR24175,R14528,27-Mar-2025,RING,R14528,Cluster,Suryakant,FAISHOIN WEAR,PODDAR DIAMOND PVT LTD.-DAHISAR FACTORY,G18K,,6.612,6.520,58,0.462,0,0.000,STORE CONFIRM ORDER,,,
Indeterminate,27-Mar-2025 15:58:00,DR24174,R14527,27-Mar-2025,RING,R14527,Cluster,Suryakant,FAISHOIN WEAR,PODDAR DIAMOND PVT LTD.-DAHISAR FACTORY,G18K,,7.108,7.020,49,0.438,0,0.000,STORE CONFIRM ORDER,,,
Indeterminate,27-Mar-2025 15:54:00,DR24156,R14509,27-Mar-2025,RING,R14509,FASHION,Suryakant,FAISHOIN WEAR,PODDAR DIAMOND PVT LTD.-DAHISAR FACTORY,G18K,,4.354,4.300,23,0.269,0,0.000,STORE CONFIRM ORDER,,,
Indeterminate,27-Mar-2025 15:46:00,DR24173,R14526,27-Mar-2025,RING,R14526,FASHION,Suryakant,FAISHOIN WEAR,PODDAR DIAMOND PVT LTD.-DAHISAR FACTORY,G18K,,8.262,8.160,0,0.000,0,0.000,STORE CONFIRM ORDER,,,
Indeterminate,27-Mar-2025 15:43:00,DR24155,R14508,27-Mar-2025,RING,R14508,FASHION,Suryakant,FAISHOIN WEAR,PODDAR DIAMOND PVT LTD.-DAHISAR FACTORY,G18K,,5.168,5.100,0,0.000,0,0.000,STORE CONFIRM ORDER,,,
Indeterminate,27-Mar-2025 15:40:00,DR24172,R14525,27-Mar-2025,RING,R14525,Halo,Suryakant,FAISHOIN WEAR,PODDAR DIAMOND PVT LTD.-DAHISAR FACTORY,G18K,,2.151,2.130,0,0.000,0,0.000,STORE CONFIRM ORDER,,,
Indeterminate,27-Mar-2025 15:32:00,DR24171,R14524,27-Mar-2025,RING,R14524,FASHION,Suryakant,FAISHOIN WEAR,PODDAR DIAMOND PVT LTD.-DAHISAR FACTORY,G18K,,2.785,2.720,53,0.327,0,0.000,STORE CONFIRM ORDER,,,
Indeterminate,27-Mar-2025 15:30:00,DR24154,R14507,27-Mar-2025,RING,R14507,FASHION,Suryakant,FAISHOIN WEAR,PODDAR DIAMOND PVT LTD.-DAHISAR FACTORY,G18K,,4.497,4.430,23,0.335,0,0.000,STORE CONFIRM ORDER,,,
Indeterminate,27-Mar-2025 15:19:00,DR24153,R14506,27-Mar-2025,RING,R14506,FASHION,Suryakant,FAISHOIN WEAR,PODDAR DIAMOND PVT LTD.-DAHISAR FACTORY,G18K,,6.951,6.870,26,0.406,0,0.000,STORE CONFIRM ORDER,,,
Indeterminate,27-Mar-2025 15:09:00,DR24152,R14505,27-Mar-2025,RING,R14505,FASHION,Suryakant,FAISHOIN WEAR,PODDAR DIAMOND PVT LTD.-DAHISAR FACTORY,G18K,,5.000,4.950,26,0.250,0,0.000,STORE CONFIRM ORDER,,,
Indeterminate,27-Mar-2025 15:02:00,DR24151,R14504,27-Mar-2025,RING,R14504,FASHION,Suryakant,FAISHOIN WEAR,PODDAR DIAMOND PVT LTD.-DAHISAR FACTORY,G18K,,5.024,4.970,54,0.270,0,0.000,STORE CONFIRM ORDER,,,
Indeterminate,27-Mar-2025 14:50:00,DR24150,R14503,27-Mar-2025,RING,R14503,FASHION,Suryakant,FAISHOIN WEAR,PODDAR DIAMOND PVT LTD.-DAHISAR FACTORY,G18K,,6.553,6.480,25,0.366,0,0.000,STORE CONFIRM ORDER,,,
Indeterminate,27-Mar-2025 14:31:00,DE10326,T19235,27-Mar-2025,EARRING,T19235,STUD,Suryakant,FAISHOIN WEAR,PODDAR DIAMOND PVT LTD.-DAHISAR FACTORY,G18K,,1.620,1.300,0,0.000,2,1.600,STORE CONFIRM ORDER,,,
Indeterminate,27-Mar-2025 12:08:00,DR25421,R14502,27-Mar-2025,RING,R14502,FASHION,Suryakant,FAISHOIN WEAR,PODDAR DIAMOND PVT LTD.-DAHISAR FACTORY,G18K,,3.552,3.300,13,1.258,0,0.000,STORE CONFIRM ORDER,,,
Indeterminate,27-Mar-2025 11:59:00,DE10328,T19234,27-Mar-2025,EARRING,T19234,STUD,Suryakant,FAISHOIN WEAR,PODDAR DIAMOND PVT LTD.-DAHISAR FACTORY,G18K,,2.360,2.100,2,1.300,0,0.000,STORE CONFIRM ORDER,,,
Indeterminate,27-Mar-2025 11:45:00,DE10327,T19233,27-Mar-2025,EARRING,T19233,FLOWER,Suryakant,FAISHOIN WEAR,PODDAR DIAMOND PVT LTD.-DAHISAR FACTORY,G18K,,4.449,4.200,38,1.246,0,0.000,STORE CONFIRM ORDER,,,
Indeterminate,27-Mar-2025 11:40:00,DP11664,P20077,27-Mar-2025,PENDANT,P20077,Halo,Suryakant,FAISHOIN WEAR,PODDAR DIAMOND PVT LTD.-DAHISAR FACTORY,G18K,,3.458,3.200,30,1.291,0,0.000,STORE CONFIRM ORDER,,,
Indeterminate,27-Mar-2025 11:32:00,DE10271,T19232,27-Mar-2025,EARRING,T19232,FASHION,Suryakant,FAISHOIN WEAR,PODDAR DIAMOND PVT LTD.-DAHISAR FACTORY,G18K,,3.388,3.200,24,0.938,0,0.000,STORE CONFIRM ORDER,,,
Indeterminate,26-Mar-2025 16:40:00,DE10325,T19231,26-Mar-2025,EARRING,T19231,FLOWER,Suryakant,Fashion,PODDAR DIAMOND PVT LTD.-DAHISAR FACTORY,G18K,,1.590,1.500,22,0.450,0,0.000,STORE CONFIRM ORDER,,,
Indeterminate,26-Mar-2025 16:11:00,DE10324,T19230,26-Mar-2025,EARRING,T19230,STUD,Suryakant,Daily Wear,PODDAR DIAMOND PVT LTD.-DAHISAR FACTORY,G18K,,2.120,1.900,2,1.100,0,0.000,STORE CONFIRM ORDER,,,
Indeterminate,26-Mar-2025 15:30:00,DR23766,R14501,26-Mar-2025,RING,R14501,5 STONE,Suryakant,RELIGIOUS WEAR,PODDAR DIAMOND PVT LTD.-DAHISAR FACTORY,G18K,,2.870,2.700,5,0.850,0,0.000,STORE CONFIRM ORDER,,,
Indeterminate,26-Mar-2025 14:48:00,DR23765,R14500,26-Mar-2025,RING,R14500,FASHION,Suryakant,FAISHOIN WEAR,PODDAR DIAMOND PVT LTD.-DAHISAR FACTORY,G18K,,3.610,3.400,6,1.050,0,0.000,STORE CONFIRM ORDER,,,
Indeterminate,26-Mar-2025 09:21:00,DP12088,P20076,26-Mar-2025,PENDANT,P20076,FASHION,Suryakant,Fashion,PODDAR DIAMOND PVT LTD.-DAHISAR FACTORY,G18K,,2.571,2.300,15,1.356,0,0.000,STORE CONFIRM ORDER,,,
Indeterminate,26-Mar-2025 09:14:00,DE10270,T19229,26-Mar-2025,EARRING,T19229,FLOWER,Suryakant,Fashion,PODDAR DIAMOND PVT LTD.-DAHISAR FACTORY,G18K,,4.768,4.500,24,1.342,0,0.000,STORE CONFIRM ORDER,,,
Indeterminate,26-Mar-2025 09:09:00,DP21104,P20075,26-Mar-2025,PENDANT,P20075,Halo,Suryakant,Daily Wear,PODDAR DIAMOND PVT LTD.-DAHISAR FACTORY,G18K,,1.742,1.600,40,0.712,0,0.000,STORE CONFIRM ORDER,,,
Indeterminate,26-Mar-2025 09:07:00,DN3110,N19621,26-Mar-2025,TANMANIYA,N19621,Mangalsutra,Suryakant,Flower,PODDAR DIAMOND PVT LTD.-DAHISAR FACTORY,G18K,Mould Cut-17-04-25,4.823,4.500,24,1.614,0,0.000,STORE CONFIRM ORDER,,,
Indeterminate,26-Mar-2025 09:04:00,DR25419,R14499,26-Mar-2025,RING,R14499,Bypass Ring,Suryakant,FAISHOIN WEAR,PODDAR DIAMOND PVT LTD.-DAHISAR FACTORY,G18K,,3.585,3.400,8,0.924,0,0.000,STORE CONFIRM ORDER,,,
Indeterminate,26-Mar-2025 08:59:00,DR25417,R14498,26-Mar-2025,RING,R14498,ENGAGEMENT,Suryakant,FAISHOIN WEAR,PODDAR DIAMOND PVT LTD.-DAHISAR FACTORY,G18K,,3.484,3.300,69,0.920,0,0.000,STORE CONFIRM ORDER,,,
Indeterminate,25-Mar-2025 15:31:00,DE10269,T19228,25-Mar-2025,EARRING,T19228,Halo,Suryakant,FAISHOIN WEAR,PODDAR DIAMOND PVT LTD.-DAHISAR FACTORY,G18K,,3.347,3.100,26,1.236,0,0.000,STORE CONFIRM ORDER,,,
Indeterminate,25-Mar-2025 11:51:00,DN3109,N19620,25-Mar-2025,TANMANIYA,N19620,Mangalsutra,Suryakant,Fashion,PODDAR DIAMOND PVT LTD.-DAHISAR FACTORY,G18K,,4.743,4.500,9,1.216,0,0.000,STORE CONFIRM ORDER,,,
Indeterminate,25-Mar-2025 11:41:00,DR25418,R14497,25-Mar-2025,RING,R14497,FASHION,Suryakant,Daily Wear,PODDAR DIAMOND PVT LTD.-DAHISAR FACTORY,G18K,,2.996,2.800,35,0.978,0,0.000,STORE CONFIRM ORDER,,,
Indeterminate,25-Mar-2025 10:21:00,DE10267,T19227,25-Mar-2025,EARRING,T19227,FASHION,Suryakant,Daily Wear,PODDAR DIAMOND PVT LTD.-DAHISAR FACTORY,G18K,,4.988,4.700,6,1.440,0,0.000,STORE CONFIRM ORDER,,,
Indeterminate,25-Mar-2025 10:09:00,DE10268,T19225,25-Mar-2025,EARRING,T19225,FASHION,Suryakant,Daily Wear,PODDAR DIAMOND PVT LTD.-DAHISAR FACTORY,G18K,,3.081,2.900,8,0.904,0,0.000,STORE CONFIRM ORDER,,,
Indeterminate,25-Mar-2025 10:02:00,DN3108,N19619,25-Mar-2025,NECKLACE,N19619,Cluster,Suryakant,FAISHOIN WEAR,PODDAR DIAMOND PVT LTD.-DAHISAR FACTORY,G18K,,2.363,2.300,7,0.316,0,0.000,STORE CONFIRM ORDER,,,
Indeterminate,25-Mar-2025 09:43:00,DR25416,R14496,25-Mar-2025,RING,R14496,FASHION,Suryakant,FAISHOIN WEAR,PODDAR DIAMOND PVT LTD.-DAHISAR FACTORY,G18K,,2.879,2.700,25,0.896,0,0.000,STORE CONFIRM ORDER,,,
Indeterminate,25-Mar-2025 09:39:00,DE10266,T19226,25-Mar-2025,EARRING,T19226,FASHION,Suryakant,Fashion,PODDAR DIAMOND PVT LTD.-DAHISAR FACTORY,G18K,Mould cut-27-03-25,2.565,2.400,18,0.824,0,0.000,STORE CONFIRM ORDER,,,
Indeterminate,25-Mar-2025 09:38:00,DR25415,R14495,25-Mar-2025,RING,R14495,Solitaire,Suryakant,FAISHOIN WEAR,PODDAR DIAMOND PVT LTD.-DAHISAR FACTORY,G18K,,4.650,4.400,1,1.250,0,0.000,STORE CONFIRM ORDER,,,
Indeterminate,25-Mar-2025 09:30:00,DR25414,R14494,25-Mar-2025,RING,R14494,Chevron,Suryakant,FAISHOIN WEAR,PODDAR DIAMOND PVT LTD.-DAHISAR FACTORY,G18K,,2.862,2.700,16,0.812,0,0.000,STORE CONFIRM ORDER,,,
Indeterminate,25-Mar-2025 09:23:00,DP12087,P20074,25-Mar-2025,PENDANT,P20074,FASHION,Suryakant,Fashion,PODDAR DIAMOND PVT LTD.-DAHISAR FACTORY,G18K,,2.200,2.000,2,1.000,0,0.000,STORE CONFIRM ORDER,,,
Indeterminate,25-Mar-2025 09:19:00,DR23764,R14493,25-Mar-2025,RING,R14493,Side stone,Suryakant,FAISHOIN WEAR,PODDAR DIAMOND PVT LTD.-DAHISAR FACTORY,G18K,,2.642,2.500,7,0.710,0,0.000,STORE CONFIRM ORDER,,,
Indeterminate,25-Mar-2025 09:16:00,DP12086,P20073,25-Mar-2025,PENDANT,P20073,FLOWER,Suryakant,Daily Wear,PODDAR DIAMOND PVT LTD.-DAHISAR FACTORY,G18K,,2.902,2.700,7,1.010,0,0.000,STORE CONFIRM ORDER,,,
Indeterminate,25-Mar-2025 09:14:00,DR23762,R14491,25-Mar-2025,RING,R14491,Side stone,Suryakant,FAISHOIN WEAR,PODDAR DIAMOND PVT LTD.-DAHISAR FACTORY,G18K,,3.056,2.900,16,0.780,0,0.000,STORE CONFIRM ORDER,,,
Indeterminate,25-Mar-2025 09:06:00,DR23763,R14492,25-Mar-2025,RING,R14492,Three Stone Ring,Suryakant,FAISHOIN WEAR,PODDAR DIAMOND PVT LTD.-DAHISAR FACTORY,G18K,,3.610,3.400,3,1.050,0,0.000,STORE CONFIRM ORDER,,,
Indeterminate,25-Mar-2025 09:01:00,DP11662,P20071,25-Mar-2025,PENDANT,P20071,Halo,Suryakant,FAISHOIN WEAR,PODDAR DIAMOND PVT LTD.-DAHISAR FACTORY,G18K,Mould cut-27-03-25,2.482,2.200,17,1.410,0,0.000,STORE CONFIRM ORDER,,,
Indeterminate,25-Mar-2025 09:00:00,DP11663,P20072,25-Mar-2025,PENDANT,P20072,FLOWER,Suryakant,Fashion,PODDAR DIAMOND PVT LTD.-DAHISAR FACTORY,G18K,,2.149,2.000,7,0.744,0,0.000,STORE CONFIRM ORDER,,,
Indeterminate,25-Mar-2025 08:56:00,DE10265,T19224,25-Mar-2025,EARRING,T19224,FASHION,Suryakant,FAISHOIN WEAR,PODDAR DIAMOND PVT LTD.-DAHISAR FACTORY,G18K,Mould cut-27-03-25,2.129,2.000,24,0.646,0,0.000,STORE CONFIRM ORDER,,,
Indeterminate,25-Mar-2025 08:50:00,DE10264,T19223,25-Mar-2025,EARRING,T19223,FLOWER,Suryakant,FAISHOIN WEAR,PODDAR DIAMOND PVT LTD.-DAHISAR FACTORY,G18K,Mould cut-27-03-25,3.436,3.200,22,1.180,0,0.000,STORE CONFIRM ORDER,,,
Indeterminate,24-Mar-2025 17:59:00,DBR3147,BR16742,24-Mar-2025,BRACELET,BR16742,FASHION,shweta,FASHION WEAR,PODDAR DIAMOND PVT LTD.-DAHISAR FACTORY,G18K,,18.931,17.200,42,8.653,0,0.000,STORE CONFIRM ORDER,,,
Indeterminate,24-Mar-2025 17:36:00,GR228,R14489,24-Mar-2025,RING,R14489,ENGAGEMENT,priti,FASHION WEAR,PODDAR DIAMOND PVT LTD.-DAHISAR FACTORY,G18K,,2.501,2.400,36,0.504,0,0.000,STORE CONFIRM ORDER,,,
Indeterminate,24-Mar-2025 17:05:00,DE10263,T19222,24-Mar-2025,EARRING,T19222,FASHION,Suryakant,FAISHOIN WEAR,PODDAR DIAMOND PVT LTD.-DAHISAR FACTORY,G18K,Mould cut-27-03-25,2.978,2.800,24,0.888,0,0.000,STORE CONFIRM ORDER,,,
Indeterminate,24-Mar-2025 16:59:00,DE8496,T19221,24-Mar-2025,EARRING,T19221,FLOWER,Suryakant,FAISHOIN WEAR,PODDAR DIAMOND PVT LTD.-DAHISAR FACTORY,G18K,,6.906,6.500,26,2.028,0,0.000,STORE CONFIRM ORDER,,,
Indeterminate,24-Mar-2025 16:50:00,DE8495,T19220,24-Mar-2025,EARRING,T19220,FASHION,Suryakant,FAISHOIN WEAR,PODDAR DIAMOND PVT LTD.-DAHISAR FACTORY,G18K,Mould cut-27-03-25,3.712,3.500,18,1.062,0,0.000,STORE CONFIRM ORDER,,,
Indeterminate,24-Mar-2025 15:23:00,DE10262,AFDT1802,24-Mar-2025,EARRING,AFDT1802,HOOP,shweta,FASHION WEAR,PODDAR DIAMOND PVT LTD.-DAHISAR FACTORY,G18K,,5.815,5.600,52,1.076,0,0.000,STORE CONFIRM ORDER,,,
Indeterminate,24-Mar-2025 12:58:00,DE10323,T19219,24-Mar-2025,EARRING,T19219,FASHION,Suryakant,FAISHOIN WEAR,PODDAR DIAMOND PVT LTD.-DAHISAR FACTORY,G18K,Mould cut-27-03-25,2.556,2.400,10,0.780,0,0.000,STORE CONFIRM ORDER,,,
Indeterminate,24-Mar-2025 12:51:00,DN3107,N19618,24-Mar-2025,TANMANIYA,N19618,Mangalsutra,Suryakant,FAISHOIN WEAR,PODDAR DIAMOND PVT LTD.-DAHISAR FACTORY,G18K,Mould cut-28-03-25,3.196,3.000,31,0.982,0,0.000,STORE CONFIRM ORDER,,,
Indeterminate,24-Mar-2025 12:42:00,DR25413,R14488,24-Mar-2025,RING,R14488,Side stone,Suryakant,FAISHOIN WEAR,PODDAR DIAMOND PVT LTD.-DAHISAR FACTORY,G18K,,2.993,2.800,19,0.966,0,0.000,STORE CONFIRM ORDER,,,
Indeterminate,24-Mar-2025 12:14:00,DR25411,R14487,24-Mar-2025,RING,R14487,Full Eternity Band,Suryakant,FAISHOIN WEAR,PODDAR DIAMOND PVT LTD.-DAHISAR FACTORY,G18K,,2.618,2.400,28,1.092,0,0.000,STORE CONFIRM ORDER,,,
Indeterminate,24-Mar-2025 11:55:00,DR25410,R14486,24-Mar-2025,RING,R14486,Halo,Suryakant,FAISHOIN WEAR,PODDAR DIAMOND PVT LTD.-DAHISAR FACTORY,G18K,"MOULD CUT - 21.03.2025
",4.334,4.100,39,1.172,0,0.000,STORE CONFIRM ORDER,,,
Indeterminate,24-Mar-2025 11:48:00,DR25408,R14485,24-Mar-2025,RING,R14485,FASHION,Suryakant,FAISHOIN WEAR,PODDAR DIAMOND PVT LTD.-DAHISAR FACTORY,G18K,"MOULD CUT - 21.03.2025
",3.521,3.300,7,1.105,0,0.000,STORE CONFIRM ORDER,,,
Indeterminate,24-Mar-2025 11:43:00,DR25406,R14484,24-Mar-2025,RING,R14484,ENGAGEMENT,Suryakant,ENGAGEMENT,PODDAR DIAMOND PVT LTD.-DAHISAR FACTORY,G18K,"MOULD CUT - 21.03.2025
",2.457,2.300,17,0.784,0,0.000,STORE CONFIRM ORDER,,,
Indeterminate,24-Mar-2025 11:20:00,DP12085,P20070,24-Mar-2025,PENDANT,P20070,BEZAL,Suryakant,FAISHOIN WEAR,PODDAR DIAMOND PVT LTD.-DAHISAR FACTORY,G18K,,0.900,0.800,1,0.500,0,0.000,STORE CONFIRM ORDER,,,
Indeterminate,24-Mar-2025 10:27:00,DP12084,P20069,24-Mar-2025,PENDANT,P20069,FASHION,Suryakant,FAISHOIN WEAR,PODDAR DIAMOND PVT LTD.-DAHISAR FACTORY,G18K,Mould cut-28-03-25,2.850,2.700,34,0.752,0,0.000,STORE CONFIRM ORDER,,,
Indeterminate,24-Mar-2025 10:09:00,DE10261,T19218,24-Mar-2025,EARRING,T19218,FASHION,Suryakant,FAISHOIN WEAR,PODDAR DIAMOND PVT LTD.-DAHISAR FACTORY,G18K,"MOULD CUT - 21.03.2025
",1.774,1.600,8,0.872,0,0.000,STORE CONFIRM ORDER,,,
Indeterminate,24-Mar-2025 10:01:00,DE10260,T19217,24-Mar-2025,EARRING,T19217,FASHION,Suryakant,Fashion,PODDAR DIAMOND PVT LTD.-DAHISAR FACTORY,G18K,"MOULD CUT - 21.03.2025
",2.763,2.500,10,1.316,0,0.000,STORE CONFIRM ORDER,,,
Indeterminate,22-Mar-2025 14:24:00,DP11955,P20068,22-Mar-2025,PENDANT,P20068,Cluster,Suryakant,,PODDAR DIAMOND PVT LTD.-DAHISAR FACTORY,G18K,"MOULD CUT - 21.03.2025
",3.325,3.000,8,1.625,0,0.000,STORE CONFIRM ORDER,,,
Indeterminate,22-Mar-2025 13:53:00,DE10259,T19216,22-Mar-2025,EARRING,T19216,FASHION,Suryakant,Fashion,PODDAR DIAMOND PVT LTD.-DAHISAR FACTORY,G18K,,3.090,2.800,34,1.448,0,0.000,STORE CONFIRM ORDER,,,
Indeterminate,22-Mar-2025 12:16:00,DR25409,R14482,22-Mar-2025,RING,R14482,Side stone,Suryakant,Fashion,PODDAR DIAMOND PVT LTD.-DAHISAR FACTORY,G18K,"MOULD CUT - 21.03.2025
",2.917,2.700,7,1.084,0,0.000,STORE CONFIRM ORDER,,,
Indeterminate,22-Mar-2025 12:11:00,DR25405,R14481,22-Mar-2025,RING,R14481,Side stone,Suryakant,Daily Wear,PODDAR DIAMOND PVT LTD.-DAHISAR FACTORY,G18K,,2.260,2.100,21,0.800,0,0.000,STORE CONFIRM ORDER,,,
Indeterminate,22-Mar-2025 12:05:00,DR25404,R14480,22-Mar-2025,RING,R14480,Two stone ring,Suryakant,Daily Wear,PODDAR DIAMOND PVT LTD.-DAHISAR FACTORY,G18K,,2.140,2.000,2,0.700,0,0.000,STORE CONFIRM ORDER,,,
Indeterminate,22-Mar-2025 11:56:00,DE10322,T19215,22-Mar-2025,EARRING,T19215,STUD,Suryakant,FAISHOIN WEAR,PODDAR DIAMOND PVT LTD.-DAHISAR FACTORY,G18K,Mould Cut-25-03-25,1.900,1.700,2,1.000,0,0.000,STORE CONFIRM ORDER,,,
Indeterminate,22-Mar-2025 11:55:00,DR25403,R14479,22-Mar-2025,RING,R14479,Side stone,Suryakant,Daily Wear,PODDAR DIAMOND PVT LTD.-DAHISAR FACTORY,G18K,"MOULD CUT - 21.03.2025
",2.540,2.400,7,0.702,0,0.000,STORE CONFIRM ORDER,,,
Indeterminate,22-Mar-2025 11:44:00,DR25407,R14483,22-Mar-2025,RING,R14483,FASHION,Suryakant,FAISHOIN WEAR,PODDAR DIAMOND PVT LTD.-DAHISAR FACTORY,G18K,"MOULD CUT - 21.03.2025
",2.784,2.600,35,0.920,0,0.000,STORE CONFIRM ORDER,,,
Indeterminate,22-Mar-2025 11:19:00,DR24071,R14478,22-Mar-2025,RING,R14478,Cluster,Suryakant,Fashion,PODDAR DIAMOND PVT LTD.-DAHISAR FACTORY,G18K,,4.187,4.000,0,0.000,0,0.000,STORE CONFIRM ORDER,,,
Indeterminate,22-Mar-2025 11:01:00,DP12083,P20067,22-Mar-2025,PENDANT,P20067,FASHION,Suryakant,Daily Wear,PODDAR DIAMOND PVT LTD.-DAHISAR FACTORY,G18K,,2.540,2.400,12,0.699,0,0.000,STORE CONFIRM ORDER,,,
Indeterminate,22-Mar-2025 10:51:00,DE10258,T19214,22-Mar-2025,EARRING,T19214,3 STONE,Suryakant,Daily Wear,PODDAR DIAMOND PVT LTD.-DAHISAR FACTORY,G18K,Mould Cut-25-03-25,2.914,2.800,6,0.570,0,0.000,STORE CONFIRM ORDER,,,
Indeterminate,22-Mar-2025 10:15:00,DR24073,R14477,22-Mar-2025,RING,R14477,ENGAGEMENT,priti,FAISHOIN WEAR,PODDAR DIAMOND PVT LTD.-DAHISAR FACTORY,G18K,,3.545,2.900,17,3.224,0,0.000,STORE CONFIRM ORDER,,,
Indeterminate,22-Mar-2025 10:00:00,DE10321,T19213,22-Mar-2025,EARRING,T19213,FASHION,Suryakant,Daily Wear,PODDAR DIAMOND PVT LTD.-DAHISAR FACTORY,G18K,Mould Cut-25-03-25,2.480,2.300,20,0.902,0,0.000,STORE CONFIRM ORDER,,,
Indeterminate,22-Mar-2025 09:43:00,DP12082,P20066,22-Mar-2025,PENDANT,P20066,FASHION,Suryakant,,PODDAR DIAMOND PVT LTD.-DAHISAR FACTORY,G18K,Mould Cut-25-03-25,2.682,2.500,34,0.912,0,0.000,STORE CONFIRM ORDER,,,
Indeterminate,22-Mar-2025 09:32:00,DE8494,T19212,22-Mar-2025,EARRING,T19212,FASHION,Suryakant,Fashion,PODDAR DIAMOND PVT LTD.-DAHISAR FACTORY,G18K,Mould Cut-25-03-25,2.640,2.500,20,0.700,0,0.000,STORE CONFIRM ORDER,,,
Indeterminate,21-Mar-2025 17:07:00,DE10257,T19211,21-Mar-2025,EARRING,T19211,FASHION,Suryakant,Daily Wear,PODDAR DIAMOND PVT LTD.-DAHISAR FACTORY,G18K,Mould Cut-25-03-25,2.972,2.700,42,1.360,0,0.000,STORE CONFIRM ORDER,,,
Indeterminate,21-Mar-2025 16:34:00,DP12081,P20065,21-Mar-2025,PENDANT,P20065,FASHION,Suryakant,Daily Wear,PODDAR DIAMOND PVT LTD.-DAHISAR FACTORY,G18K,Mould Cut-25-03-25,5.021,4.760,37,1.304,0,0.000,STORE CONFIRM ORDER,,,
Indeterminate,21-Mar-2025 16:25:00,DP11812,P20062,21-Mar-2025,PENDANT,P20062,FASHION,Suryakant,Daily Wear,PODDAR DIAMOND PVT LTD.-DAHISAR FACTORY,G18K,Mould Cut-25-03-25,1.602,1.500,9,0.511,0,0.000,STORE CONFIRM ORDER,,,
Indeterminate,21-Mar-2025 16:07:00,DNP324,NP20513,21-Mar-2025,NOSE PIN,NP20513,FLOWER,Suryakant,Daily Wear,PODDAR DIAMOND PVT LTD.-DAHISAR FACTORY,G18K,Mould Cut-25-03-25,1.097,1.000,7,0.483,0,0.000,STORE CONFIRM ORDER,,,
Indeterminate,21-Mar-2025 16:01:00,DE10256,T19210,21-Mar-2025,EARRING,T19210,FLOWER,Suryakant,Daily Wear,PODDAR DIAMOND PVT LTD.-DAHISAR FACTORY,G18K,Mould Cut-25-03-25,2.193,2.000,14,0.966,0,0.000,STORE CONFIRM ORDER,,,
Indeterminate,21-Mar-2025 15:52:00,DE8493,T19209,21-Mar-2025,EARRING,T19209,FASHION,Suryakant,Daily Wear,PODDAR DIAMOND PVT LTD.-DAHISAR FACTORY,G18K,Mould Cut-25-03-25,3.810,3.600,6,1.050,0,0.000,STORE CONFIRM ORDER,,,
Indeterminate,21-Mar-2025 15:43:00,DE8492,T19208,21-Mar-2025,EARRING,T19208,FLOWER,Suryakant,RELIGIOUS WEAR,PODDAR DIAMOND PVT LTD.-DAHISAR FACTORY,G18K,Mould Cut-25-03-25,2.152,2.000,2,0.760,0,0.000,STORE CONFIRM ORDER,,,
Indeterminate,21-Mar-2025 15:20:00,DE10255,T19207,21-Mar-2025,EARRING,T19207,FASHION,Suryakant,Fashion,PODDAR DIAMOND PVT LTD.-DAHISAR FACTORY,G18K,Mould Cut-25-03-25,3.594,3.300,34,1.472,0,0.000,STORE CONFIRM ORDER,,,
Indeterminate,21-Mar-2025 15:11:00,DE8491,T19206,21-Mar-2025,EARRING,T19206,FASHION,Suryakant,Fashion,PODDAR DIAMOND PVT LTD.-DAHISAR FACTORY,G18K,Mould Cut-25-03-25 new mould-25-02-26,3.912,3.700,18,1.062,0,0.000,STORE CONFIRM ORDER,,,
Indeterminate,21-Mar-2025 14:24:00,DP11661,P20064,21-Mar-2025,PENDANT,P20064,FASHION,Suryakant,Fashion,PODDAR DIAMOND PVT LTD.-DAHISAR FACTORY,G18K,,2.989,2.800,7,0.945,0,0.000,STORE CONFIRM ORDER,,,
Indeterminate,21-Mar-2025 12:55:00,DR23761,R14476,21-Mar-2025,RING,R14476,Side stone,Suryakant,FAISHOIN WEAR,PODDAR DIAMOND PVT LTD.-DAHISAR FACTORY,G18K,Mould Cut-25-03-25,3.401,3.200,39,1.004,0,0.000,STORE CONFIRM ORDER,,,
Indeterminate,21-Mar-2025 10:27:00,DP11954,P20061,21-Mar-2025,PENDANT,P20061,FASHION,Suryakant,Fashion,PODDAR DIAMOND PVT LTD.-DAHISAR FACTORY,G18K,Mould Cut-25-03-25,1.894,1.700,15,0.972,0,0.000,STORE CONFIRM ORDER,,,
Indeterminate,21-Mar-2025 09:40:00,DN3106,N19617,21-Mar-2025,TANMANIYA,N19617,Mangalsutra,Suryakant,FAISHOIN WEAR,PODDAR DIAMOND PVT LTD.-DAHISAR FACTORY,G18K,,3.928,3.700,29,1.140,0,0.000,STORE CONFIRM ORDER,,,
Indeterminate,21-Mar-2025 09:31:00,DR24288,R14474,21-Mar-2025,RING,R14474,Side stone,Suryakant,FAISHOIN WEAR,PODDAR DIAMOND PVT LTD.-DAHISAR FACTORY,G18K,MOULD CUT - 24-03-2025,3.387,3.200,9,0.936,0,0.000,STORE CONFIRM ORDER,,,
Indeterminate,21-Mar-2025 09:29:00,DE10320,T19205,21-Mar-2025,EARRING,T19205,FLOWER,Suryakant,FAISHOIN WEAR,PODDAR DIAMOND PVT LTD.-DAHISAR FACTORY,G18K,,1.274,1.200,10,0.368,0,0.000,STORE CONFIRM ORDER,,,
Indeterminate,21-Mar-2025 09:25:00,DE10319,T19204,21-Mar-2025,EARRING,T19204,STUD,Suryakant,FAISHOIN WEAR,PODDAR DIAMOND PVT LTD.-DAHISAR FACTORY,G18K,"MOULD CUT - 21.03.2025
",2.304,2.100,6,1.020,0,0.000,STORE CONFIRM ORDER,,,
Indeterminate,21-Mar-2025 09:21:00,DR23760,R14473,21-Mar-2025,RING,R14473,Halo,Suryakant,FAISHOIN WEAR,PODDAR DIAMOND PVT LTD.-DAHISAR FACTORY,G18K,,3.458,3.200,23,1.288,0,0.000,STORE CONFIRM ORDER,,,
Indeterminate,21-Mar-2025 09:21:00,DP21103,P20060,21-Mar-2025,PENDANT,P20060,Halo,Suryakant,FAISHOIN WEAR,PODDAR DIAMOND PVT LTD.-DAHISAR FACTORY,G18K,,1.330,1.200,16,0.650,0,0.000,STORE CONFIRM ORDER,,,
Indeterminate,21-Mar-2025 09:17:00,DP21102,P20059,21-Mar-2025,PENDANT,P20059,Halo,Suryakant,FAISHOIN WEAR,PODDAR DIAMOND PVT LTD.-DAHISAR FACTORY,G18K,,2.738,2.500,31,1.188,0,0.000,STORE CONFIRM ORDER,,,
Indeterminate,21-Mar-2025 09:13:00,DP11953,P20058,21-Mar-2025,PENDANT,P20058,FASHION,Suryakant,FAISHOIN WEAR,PODDAR DIAMOND PVT LTD.-DAHISAR FACTORY,G18K,MOULD CUT - 24-03-2025,1.668,1.500,5,0.840,0,0.000,STORE CONFIRM ORDER,,,
Indeterminate,21-Mar-2025 09:12:00,DR25401,R14475,21-Mar-2025,RING,R14475,Halo,Suryakant,FAISHOIN WEAR,PODDAR DIAMOND PVT LTD.-DAHISAR FACTORY,G18K,,2.494,2.300,43,0.968,0,0.000,STORE CONFIRM ORDER,,,
Indeterminate,20-Mar-2025 17:16:00,DE10254,T19203,20-Mar-2025,EARRING,T19203,Halo,Suryakant,Daily Wear,PODDAR DIAMOND PVT LTD.-DAHISAR FACTORY,G18K,MOULD CUT - 24-03-2025,2.195,2.000,26,0.976,0,0.000,STORE CONFIRM ORDER,,,
Indeterminate,20-Mar-2025 17:08:00,DR24287,R14472,20-Mar-2025,RING,R14472,Halo,Suryakant,Fashion,PODDAR DIAMOND PVT LTD.-DAHISAR FACTORY,G18K,MOULD CUT - 24-03-2025,3.070,2.900,13,0.848,0,0.000,STORE CONFIRM ORDER,,,
Indeterminate,20-Mar-2025 17:03:00,DNP323,NP20512,20-Mar-2025,NOSE PIN,NP20512,SOLITAIRE,Suryakant,Daily Wear,PODDAR DIAMOND PVT LTD.-DAHISAR FACTORY,G18K,MOULD CUT - 24-03-2025,1.420,1.300,1,0.600,0,0.000,STORE CONFIRM ORDER,,,
Indeterminate,20-Mar-2025 16:15:00,DR24328,R14470,20-Mar-2025,RING,R14470,Halo,Suryakant,Fashion,PODDAR DIAMOND PVT LTD.-DAHISAR FACTORY,G18K,MOULD CUT - 24-03-2025,2.794,2.600,15,0.972,0,0.000,STORE CONFIRM ORDER,,,
Indeterminate,20-Mar-2025 15:54:00,DE10253,T19202,20-Mar-2025,EARRING,T19202,FASHION,Suryakant,FAISHOIN WEAR,PODDAR DIAMOND PVT LTD.-DAHISAR FACTORY,G18K,MOULD CUT - 24-03-2025,3.036,2.800,10,1.180,0,0.000,STORE CONFIRM ORDER,,,
Indeterminate,20-Mar-2025 15:34:00,DR24286,R14469,20-Mar-2025,RING,R14469,Halo,Suryakant,Fashion,PODDAR DIAMOND PVT LTD.-DAHISAR FACTORY,G18K,MOULD CUT - 24-03-2025,2.539,2.400,15,0.696,0,0.000,STORE CONFIRM ORDER,,,
Indeterminate,20-Mar-2025 15:28:00,DR24070,R14471,20-Mar-2025,RING,R14471,ENGAGEMENT,priti,FAISHOIN WEAR,PODDAR DIAMOND PVT LTD.-DAHISAR FACTORY,G18K,,4.263,4.000,17,1.314,0,0.000,STORE CONFIRM ORDER,,,
Indeterminate,20-Mar-2025 15:11:00,DR24285,R14468,20-Mar-2025,RING,R14468,Side stone,Suryakant,Fashion,PODDAR DIAMOND PVT LTD.-DAHISAR FACTORY,G18K,MOULD CUT - 24-03-2025,2.637,2.400,15,1.184,0,0.000,STORE CONFIRM ORDER,,,
Indeterminate,20-Mar-2025 15:00:00,DR23759,R14467,20-Mar-2025,RING,R14467,Cluster,Suryakant,RELIGIOUS WEAR,PODDAR DIAMOND PVT LTD.-DAHISAR FACTORY,G18K,MOULD CUT - 24-03-2025,4.025,3.800,9,1.125,0,0.000,STORE CONFIRM ORDER,,,
Indeterminate,20-Mar-2025 14:55:00,DR23758,R14466,20-Mar-2025,RING,R14466,Cluster,Suryakant,Religious,PODDAR DIAMOND PVT LTD.-DAHISAR FACTORY,G18K,"MOULD CUT - 24-03-2025
",2.968,2.800,17,0.840,0,0.000,STORE CONFIRM ORDER,,,
Indeterminate,20-Mar-2025 13:44:00,DR24284,R14460,20-Mar-2025,RING,R14460,Halo,Suryakant,FAISHOIN WEAR,PODDAR DIAMOND PVT LTD.-DAHISAR FACTORY,G18K,MOULD CUT - 24-03-2025,3.547,3.300,33,1.236,0,0.000,STORE CONFIRM ORDER,,,
Indeterminate,20-Mar-2025 12:50:00,DR24324,R14461,20-Mar-2025,RING,R14461,Solitaire,Suryakant,RELIGIOUS WEAR,PODDAR DIAMOND PVT LTD.-DAHISAR FACTORY,G18K,MOULD CUT - 24-03-2025,3.500,3.300,1,1.000,0,0.000,STORE CONFIRM ORDER,,,
Indeterminate,20-Mar-2025 12:49:00,DR24283,R14459,20-Mar-2025,RING,R14459,Halo,Suryakant,FAISHOIN WEAR,PODDAR DIAMOND PVT LTD.-DAHISAR FACTORY,G18K,MOULD CUT - 24-03-2025,3.820,3.600,33,1.100,0,0.000,STORE CONFIRM ORDER,,,
Indeterminate,20-Mar-2025 12:28:00,DR24325,R14462,20-Mar-2025,RING,R14462,Chevron,Suryakant,,PODDAR DIAMOND PVT LTD.-DAHISAR FACTORY,G18K,MOULD CUT - 24-03-2025,3.505,3.300,2,1.026,0,0.000,STORE CONFIRM ORDER,,,
Indeterminate,20-Mar-2025 12:00:00,DR24326,R14463,20-Mar-2025,RING,R14463,Side stone,Suryakant,RELIGIOUS WEAR,PODDAR DIAMOND PVT LTD.-DAHISAR FACTORY,G18K,MOULD CUT - 24-03-2025,3.727,3.500,9,1.134,0,0.000,STORE CONFIRM ORDER,,,
Indeterminate,20-Mar-2025 11:41:00,DR24327,R14464,20-Mar-2025,RING,R14464,Anniversary Ring,Suryakant,RELIGIOUS WEAR,PODDAR DIAMOND PVT LTD.-DAHISAR FACTORY,G18K,MOULD CUT - 24-03-2025,2.809,2.600,5,1.043,0,0.000,STORE CONFIRM ORDER,,,
Indeterminate,20-Mar-2025 11:38:00,DR23757,R14458,20-Mar-2025,RING,R14458,Full Eternity Band,Suryakant,FAISHOIN WEAR,PODDAR DIAMOND PVT LTD.-DAHISAR FACTORY,G18K,MOULD CUT - 24-03-2025,2.726,2.500,29,1.131,0,0.000,STORE CONFIRM ORDER,,,
Indeterminate,20-Mar-2025 11:26:00,DR23756,R14457,20-Mar-2025,RING,R14457,Halo,Suryakant,FAISHOIN WEAR,PODDAR DIAMOND PVT LTD.-DAHISAR FACTORY,G18K,MOULD CUT - 24-03-2025,2.450,2.300,14,0.752,0,0.000,STORE CONFIRM ORDER,,,
Indeterminate,20-Mar-2025 11:17:00,DR23755,R14465,20-Mar-2025,RING,R14465,FASHION,Suryakant,FAISHOIN WEAR,PODDAR DIAMOND PVT LTD.-DAHISAR FACTORY,G18K,,3.311,3.100,23,1.054,0,0.000,STORE CONFIRM ORDER,,,
Indeterminate,20-Mar-2025 10:51:00,DE10252,T19201,20-Mar-2025,EARRING,T19201,FASHION,Suryakant,FAISHOIN WEAR,PODDAR DIAMOND PVT LTD.-DAHISAR FACTORY,G18K,MOULD CUT - 24-03-2025,3.612,3.400,10,1.060,0,0.000,STORE CONFIRM ORDER,,,
Indeterminate,20-Mar-2025 10:46:00,DE10318,T19199,20-Mar-2025,EARRING,T19199,FLOWER,Suryakant,,PODDAR DIAMOND PVT LTD.-DAHISAR FACTORY,G18K,,3.260,2.900,10,1.800,0,0.000,STORE CONFIRM ORDER,,,
Indeterminate,20-Mar-2025 10:18:00,DE10317,T19198,20-Mar-2025,EARRING,T19198,Top Set,Suryakant,,PODDAR DIAMOND PVT LTD.-DAHISAR FACTORY,G18K,,1.703,1.600,6,0.516,0,0.000,STORE CONFIRM ORDER,,,
Indeterminate,20-Mar-2025 10:05:00,DE10309,T19197,20-Mar-2025,EARRING,T19197,Tops,Suryakant,,PODDAR DIAMOND PVT LTD.-DAHISAR FACTORY,G18K,,3.816,3.600,8,1.080,0,0.000,STORE CONFIRM ORDER,,,
Indeterminate,20-Mar-2025 09:56:00,DE10307,T19196,20-Mar-2025,EARRING,T19196,Tops,Suryakant,,PODDAR DIAMOND PVT LTD.-DAHISAR FACTORY,G18K,,2.810,2.600,26,1.048,0,0.000,STORE CONFIRM ORDER,,,
Indeterminate,19-Mar-2025 17:28:00,DN3103,N19616,19-Mar-2025,TANMANIYA,N19616,Mangalsutra,Suryakant,FAISHOIN WEAR,PODDAR DIAMOND PVT LTD.-DAHISAR FACTORY,G18K,Mould Cut-09-04-25,4.162,3.900,5,1.312,0,0.000,STORE CONFIRM ORDER,,,
Indeterminate,19-Mar-2025 17:22:00,DN3101,N19615,19-Mar-2025,TANMANIYA,N19615,Mangalsutra,Suryakant,FAISHOIN WEAR,PODDAR DIAMOND PVT LTD.-DAHISAR FACTORY,G18K,,3.730,3.500,31,1.150,0,0.000,STORE CONFIRM ORDER,,,
Indeterminate,18-Mar-2025 11:38:00,GR178,R14452,18-Mar-2025,RING,R14452,ENGAGEMENT,shweta,FASHION WEAR,PODDAR DIAMOND PVT LTD.-DAHISAR FACTORY,G18K,,5.692,5.100,17,2.960,0,0.000,STORE CONFIRM ORDER,,,
Indeterminate,17-Mar-2025 17:54:00,GR171,R14453,17-Mar-2025,RING,R14453,ENGAGEMENT,priti,FASHION WEAR,PODDAR DIAMOND PVT LTD.-DAHISAR FACTORY,G18K,,6.284,5.700,11,2.922,0,0.000,STORE CONFIRM ORDER,,,
Indeterminate,17-Mar-2025 17:17:00,DE10316,T19195,17-Mar-2025,EARRING,T19195,FASHION,Suryakant,Fashion,PODDAR DIAMOND PVT LTD.-DAHISAR FACTORY,G18K,MOULD CUT - 21.03.2025,4.222,3.900,54,1.608,0,0.000,STORE CONFIRM ORDER,,,
Indeterminate,17-Mar-2025 16:57:00,DN3105,N19614,17-Mar-2025,TANMANIYA,N19614,Mangalsutra,Suryakant,,PODDAR DIAMOND PVT LTD.-DAHISAR FACTORY,G18K,,3.724,3.500,19,1.122,0,0.000,STORE CONFIRM ORDER,,,
Indeterminate,17-Mar-2025 16:40:00,DE10315,T19194,17-Mar-2025,EARRING,T19194,FASHION,Suryakant,FAISHOIN WEAR,PODDAR DIAMOND PVT LTD.-DAHISAR FACTORY,G18K,,1.810,1.600,6,1.050,0,0.000,STORE CONFIRM ORDER,,,
Indeterminate,17-Mar-2025 16:34:00,DE10313,T19193,17-Mar-2025,EARRING,T19193,HEART,Suryakant,FAISHOIN WEAR,PODDAR DIAMOND PVT LTD.-DAHISAR FACTORY,G18K,,2.126,2.000,46,0.632,0,0.000,STORE CONFIRM ORDER,,,
Indeterminate,17-Mar-2025 16:28:00,DE10312,T19192,17-Mar-2025,EARRING,T19192,FLOWER,Suryakant,FAISHOIN WEAR,PODDAR DIAMOND PVT LTD.-DAHISAR FACTORY,G18K,,3.184,3.000,14,0.920,0,0.000,STORE CONFIRM ORDER,,,
Indeterminate,17-Mar-2025 16:11:00,DN3104,N19613,17-Mar-2025,TANMANIYA,N19613,Mangalsutra,Suryakant,FAISHOIN WEAR,PODDAR DIAMOND PVT LTD.-DAHISAR FACTORY,G18K,,3.822,3.600,80,1.110,0,0.000,STORE CONFIRM ORDER,,,
Indeterminate,17-Mar-2025 16:03:00,DE10314,T19191,17-Mar-2025,EARRING,T19191,FASHION,Suryakant,FAISHOIN WEAR,PODDAR DIAMOND PVT LTD.-DAHISAR FACTORY,G18K,Mould Cut-25-03-25,3.906,3.700,68,1.028,0,0.000,STORE CONFIRM ORDER,,,
Indeterminate,17-Mar-2025 15:51:00,DE10311,T19190,17-Mar-2025,EARRING,T19190,FLOWER,Suryakant,FAISHOIN WEAR,PODDAR DIAMOND PVT LTD.-DAHISAR FACTORY,G18K,MOULD CUT - 21.03.2025,1.483,1.400,6,0.414,0,0.000,STORE CONFIRM ORDER,,,
Indeterminate,17-Mar-2025 15:42:00,DE10310,T19189,17-Mar-2025,EARRING,T19189,DANGLING,Suryakant,FAISHOIN WEAR,PODDAR DIAMOND PVT LTD.-DAHISAR FACTORY,G18K,,4.444,4.100,22,1.720,0,0.000,STORE CONFIRM ORDER,,,
Indeterminate,17-Mar-2025 15:26:00,DE10308,T19188,17-Mar-2025,EARRING,T19188,FLOWER,Suryakant,FAISHOIN WEAR,PODDAR DIAMOND PVT LTD.-DAHISAR FACTORY,G18K,,1.088,1.000,12,0.438,0,0.000,STORE CONFIRM ORDER,,,
Indeterminate,17-Mar-2025 15:19:00,DE10304,T19187,17-Mar-2025,EARRING,T19187,FLOWER,Suryakant,FAISHOIN WEAR,PODDAR DIAMOND PVT LTD.-DAHISAR FACTORY,G18K,MOULD CUT - 21.03.2025,2.333,2.200,14,0.666,0,0.000,STORE CONFIRM ORDER,,,
Indeterminate,17-Mar-2025 14:27:00,DE10303,T19186,17-Mar-2025,EARRING,T19186,FLOWER,Suryakant,Daily Wear,PODDAR DIAMOND PVT LTD.-DAHISAR FACTORY,G18K,,1.914,1.800,18,0.568,0,0.000,STORE CONFIRM ORDER,,,
Indeterminate,17-Mar-2025 14:01:00,DE10302,T19185,17-Mar-2025,EARRING,T19185,Tops,Suryakant,,PODDAR DIAMOND PVT LTD.-DAHISAR FACTORY,G18K,MOULD CUT - 21.03.2025,2.051,1.900,30,0.754,0,0.000,STORE CONFIRM ORDER,,,
Indeterminate,17-Mar-2025 12:57:00,DR24323,R14456,17-Mar-2025,RING,R14456,FASHION,Suryakant,FAISHOIN WEAR,PODDAR DIAMOND PVT LTD.-DAHISAR FACTORY,G18K,,2.652,2.500,4,0.760,0,0.000,STORE CONFIRM ORDER,,,
Indeterminate,17-Mar-2025 12:47:00,DE10301,T19184,17-Mar-2025,EARRING,T19184,Tops,Suryakant,,PODDAR DIAMOND PVT LTD.-DAHISAR FACTORY,G18K,,2.783,2.600,34,0.916,0,0.000,STORE CONFIRM ORDER,,,
Indeterminate,17-Mar-2025 12:47:00,DR24322,R14455,17-Mar-2025,RING,R14455,Two stone ring,Suryakant,FAISHOIN WEAR,PODDAR DIAMOND PVT LTD.-DAHISAR FACTORY,G18K,Mould Cut-19-03-25,2.556,2.400,2,0.780,0,0.000,STORE CONFIRM ORDER,,,
Indeterminate,17-Mar-2025 12:36:00,DR24282,R14454,17-Mar-2025,RING,R14454,Anniversary Ring,Suryakant,FAISHOIN WEAR,PODDAR DIAMOND PVT LTD.-DAHISAR FACTORY,G18K,Mould Cut-19-03-25,2.440,2.300,7,0.700,0,0.000,STORE CONFIRM ORDER,,,
Indeterminate,17-Mar-2025 12:14:00,DE10306,T19183,17-Mar-2025,EARRING,T19183,FLOWER,Suryakant,,PODDAR DIAMOND PVT LTD.-DAHISAR FACTORY,G18K,"MOULD CUT - 21.03.2025
",1.612,1.500,10,0.562,0,0.000,STORE CONFIRM ORDER,,,
Indeterminate,17-Mar-2025 11:59:00,DP12079,P20057,17-Mar-2025,PENDANT,P20057,BEZAL,Suryakant,FAISHOIN WEAR,PODDAR DIAMOND PVT LTD.-DAHISAR FACTORY,G18K,,1.989,1.800,5,0.946,0,0.000,STORE CONFIRM ORDER,,,
Indeterminate,17-Mar-2025 11:43:00,DE10251,T19182,17-Mar-2025,EARRING,T19182,FASHION,Suryakant,FAISHOIN WEAR,PODDAR DIAMOND PVT LTD.-DAHISAR FACTORY,G18K,Mould Cut-19-03-25,2.950,2.800,30,0.750,0,0.000,STORE CONFIRM ORDER,,,
Indeterminate,17-Mar-2025 11:11:00,DE10249,T19181,17-Mar-2025,EARRING,T19181,FLOWER,Suryakant,FAISHOIN WEAR,PODDAR DIAMOND PVT LTD.-DAHISAR FACTORY,G18K,,3.218,3.000,14,1.092,0,0.000,STORE CONFIRM ORDER,,,
Indeterminate,17-Mar-2025 10:57:00,DE10248,T19180,17-Mar-2025,EARRING,T19180,FASHION,Suryakant,FAISHOIN WEAR,PODDAR DIAMOND PVT LTD.-DAHISAR FACTORY,G18K,Mould Cut-19-03-25,2.070,1.900,8,0.848,0,0.000,STORE CONFIRM ORDER,,,
Indeterminate,17-Mar-2025 10:49:00,DE10247,T19179,17-Mar-2025,EARRING,T19179,Halo,Suryakant,FAISHOIN WEAR,PODDAR DIAMOND PVT LTD.-DAHISAR FACTORY,G18K,"MOULD CUT - 21.03.2025
",2.490,2.300,38,0.948,0,0.000,STORE CONFIRM ORDER,,,
Indeterminate,17-Mar-2025 09:13:00,DE10250,T19178,17-Mar-2025,EARRING,T19178,FLOWER,Suryakant,FAISHOIN WEAR,PODDAR DIAMOND PVT LTD.-DAHISAR FACTORY,G18K,Mould Cut-19-03-25,2.125,2.000,12,0.624,0,0.000,STORE CONFIRM ORDER,,,
Indeterminate,13-Mar-2025 16:33:00,DBR3146,BR16741,13-Mar-2025,BRACELET,BR16741,FASHION,shweta,FASHION WEAR,PODDAR DIAMOND PVT LTD.-DAHISAR FACTORY,G18K,,19.011,17.200,53,9.053,0,0.000,STORE CONFIRM ORDER,,,
Indeterminate,12-Mar-2025 18:14:00,DR24280,R14451,12-Mar-2025,RING,R14451,Two stone ring,Suryakant,FAISHOIN WEAR,PODDAR DIAMOND PVT LTD.-DAHISAR FACTORY,G18K,Mould Cut-18-03-25,3.400,3.200,2,1.000,0,0.000,STORE CONFIRM ORDER,,,
Indeterminate,12-Mar-2025 18:07:00,DR24279,R14450,12-Mar-2025,RING,R14450,Bypass Ring,Suryakant,FAISHOIN WEAR,PODDAR DIAMOND PVT LTD.-DAHISAR FACTORY,G18K,Mould Cut-18-03-25,3.692,3.500,12,0.962,0,0.000,STORE CONFIRM ORDER,,,
Indeterminate,12-Mar-2025 17:57:00,DE10245,T19177,12-Mar-2025,EARRING,T19177,FLOWER,Suryakant,FAISHOIN WEAR,PODDAR DIAMOND PVT LTD.-DAHISAR FACTORY,G18K,Mould Cut-18-03-25,4.397,4.100,14,1.484,0,0.000,STORE CONFIRM ORDER,,,
Indeterminate,12-Mar-2025 17:42:00,DE10244,T19176,12-Mar-2025,EARRING,T19176,FASHION,Suryakant,FAISHOIN WEAR,PODDAR DIAMOND PVT LTD.-DAHISAR FACTORY,G18K,Mould Cut-18-03-25,2.649,2.400,10,1.244,0,0.000,STORE CONFIRM ORDER,,,
Indeterminate,12-Mar-2025 17:22:00,DR24278,R14449,12-Mar-2025,RING,R14449,Solitaire,Suryakant,Daily Wear,PODDAR DIAMOND PVT LTD.-DAHISAR FACTORY,G18K,Mould Cut-18-03-25,2.800,2.600,1,1.000,0,0.000,STORE CONFIRM ORDER,,,
Indeterminate,28-Mar-2025 15:56:00,DR25425,R14560,28-Mar-2025,RING,R14560,FASHION,Suryakant,FAISHOIN WEAR,PODDAR DIAMOND PVT LTD.-DAHISAR FACTORY,G18K,,5.228,5.100,44,0.642,0,0.000,STORE CONFIRM ORDER,,,
Indeterminate,28-Mar-2025 16:01:00,DR25426,R14561,28-Mar-2025,RING,R14561,FASHION,Suryakant,FAISHOIN WEAR,PODDAR DIAMOND PVT LTD.-DAHISAR FACTORY,G18K,,6.942,6.690,57,1.259,0,0.000,STORE CONFIRM ORDER,,,
Indeterminate,28-Mar-2025 16:08:00,DR25427,R14562,28-Mar-2025,RING,R14562,FASHION,Suryakant,FAISHOIN WEAR,PODDAR DIAMOND PVT LTD.-DAHISAR FACTORY,G18K,,5.119,4.900,35,1.093,0,0.000,STORE CONFIRM ORDER,,,
Indeterminate,28-Mar-2025 17:21:00,DR24290,R14563,28-Mar-2025,RING,R14563,ENGAGEMENT,shweta,FASHION WEAR,PODDAR DIAMOND PVT LTD.-DAHISAR FACTORY,G18K,,2.800,2.800,0,0.000,0,0.000,STORE CONFIRM ORDER,,,
Indeterminate,28-Mar-2025 17:36:00,DR24291,R14564,28-Mar-2025,RING,R14564,ENGAGEMENT,shweta,FASHION WEAR,PODDAR DIAMOND PVT LTD.-DAHISAR FACTORY,G18K,,2.900,2.900,0,0.000,0,0.000,STORE CONFIRM ORDER,,,
Indeterminate,28-Mar-2025 17:37:00,DP21107,P20083,28-Mar-2025,PENDANT,P20083,HEART,Suryakant,FAISHOIN WEAR,PODDAR DIAMOND PVT LTD.-DAHISAR FACTORY,G18K,,3.314,3.270,34,0.219,0,0.000,STORE CONFIRM ORDER,,,
Indeterminate,28-Mar-2025 17:40:00,DR24292,R14565,28-Mar-2025,RING,R14565,ENGAGEMENT,shweta,FASHION WEAR,PODDAR DIAMOND PVT LTD.-DAHISAR FACTORY,G18K,,4.300,4.300,0,0.000,0,0.000,STORE CONFIRM ORDER,,,
Indeterminate,28-Mar-2025 17:54:00,DP21108,P20084,28-Mar-2025,PENDANT,P20084,HEART,Suryakant,FAISHOIN WEAR,PODDAR DIAMOND PVT LTD.-DAHISAR FACTORY,G18K,,2.698,2.680,11,0.090,0,0.000,STORE CONFIRM ORDER,,,
Indeterminate,28-Mar-2025 17:56:00,DF021,FDN1,28-Mar-2025,FINDING,FDN1,,shweta,FASHION WEAR,PODDAR DIAMOND PVT LTD.-DAHISAR FACTORY,G18K,,7.200,7.200,0,0.000,0,0.000,STORE CONFIRM ORDER,,,
Indeterminate,29-Mar-2025 09:07:00,DE8498,T19237,29-Mar-2025,EARRING,T19237,SOLITAIRE,Suryakant,Religious,PODDAR DIAMOND PVT LTD.-DAHISAR FACTORY,G18K,,2.660,2.500,2,0.800,0,0.000,STORE CONFIRM ORDER,,,
Indeterminate,29-Mar-2025 09:12:00,DE10273,T19238,29-Mar-2025,EARRING,T19238,FLOWER,Suryakant,Daily Wear,PODDAR DIAMOND PVT LTD.-DAHISAR FACTORY,G18K,,4.088,3.800,12,1.438,0,0.000,STORE CONFIRM ORDER,,,
Indeterminate,29-Mar-2025 09:19:00,DR25424,R14569,29-Mar-2025,RING,R14569,FASHION,Suryakant,FAISHOIN WEAR,PODDAR DIAMOND PVT LTD.-DAHISAR FACTORY,G18K,,5.118,4.800,25,1.590,0,0.000,STORE CONFIRM ORDER,,,
Indeterminate,29-Mar-2025 09:21:00,DE10274,T19239,29-Mar-2025,EARRING,T19239,FASHION,Suryakant,FAISHOIN WEAR,PODDAR DIAMOND PVT LTD.-DAHISAR FACTORY,G18K,,5.322,5.000,52,1.608,0,0.000,STORE CONFIRM ORDER,,,
Indeterminate,29-Mar-2025 09:26:00,DP21105,P20107,29-Mar-2025,PENDANT,P20107,Cluster,Suryakant,FAISHOIN WEAR,PODDAR DIAMOND PVT LTD.-DAHISAR FACTORY,G18K,Mould Cut-09-04-25,1.161,1.100,19,0.305,0,0.000,STORE CONFIRM ORDER,,,
Indeterminate,29-Mar-2025 09:32:00,DE10275,T19240,29-Mar-2025,EARRING,T19240,FASHION,Suryakant,FAISHOIN WEAR,PODDAR DIAMOND PVT LTD.-DAHISAR FACTORY,G18K,,3.517,3.300,12,1.086,0,0.000,STORE CONFIRM ORDER,,,
Indeterminate,29-Mar-2025 09:58:00,DE10276,T19241,29-Mar-2025,EARRING,T19241,FASHION,Suryakant,FAISHOIN WEAR,PODDAR DIAMOND PVT LTD.-DAHISAR FACTORY,G18K,,3.095,2.900,18,0.976,0,0.000,STORE CONFIRM ORDER,,,
Indeterminate,29-Mar-2025 10:05:00,DR23770,R14568,29-Mar-2025,RING,R14568,FASHION,Suryakant,FAISHOIN WEAR,PODDAR DIAMOND PVT LTD.-DAHISAR FACTORY,G18K,,3.756,3.500,4,1.280,0,0.000,STORE CONFIRM ORDER,,,
Indeterminate,29-Mar-2025 10:10:00,DR23769,R14567,29-Mar-2025,RING,R14567,FASHION BAND,Suryakant,FAISHOIN WEAR,PODDAR DIAMOND PVT LTD.-DAHISAR FACTORY,G18K,,3.282,3.100,26,0.910,0,0.000,STORE CONFIRM ORDER,,,
Indeterminate,29-Mar-2025 10:13:00,DNP325,NP20514,29-Mar-2025,NOSE PIN,NP20514,FASHION,Suryakant,Daily Wear,PODDAR DIAMOND PVT LTD.-DAHISAR FACTORY,G18K,,1.097,1.050,3,0.234,0,0.000,STORE CONFIRM ORDER,,,
Indeterminate,29-Mar-2025 12:04:00,DR23771,R14572,29-Mar-2025,RING,R14572,FASHION,Suryakant,FAISHOIN WEAR,PODDAR DIAMOND PVT LTD.-DAHISAR FACTORY,G18K,,3.710,3.500,6,1.050,0,0.000,STORE CONFIRM ORDER,,,
Indeterminate,29-Mar-2025 12:25:00,DP21111,P20087,29-Mar-2025,PENDANT,P20087,FASHION,Suryakant,FAISHOIN WEAR,PODDAR DIAMOND PVT LTD.-DAHISAR FACTORY,G18K,,3.207,2.970,10,1.185,0,0.000,STORE CONFIRM ORDER,,,
Indeterminate,29-Mar-2025 12:41:00,DP21112,P20088,29-Mar-2025,PENDANT,P20088,HEART,Suryakant,FAISHOIN WEAR,PODDAR DIAMOND PVT LTD.-DAHISAR FACTORY,G18K,,6.871,6.730,78,0.704,0,0.000,STORE CONFIRM ORDER,,,
Indeterminate,29-Mar-2025 12:50:00,DP21113,P20089,29-Mar-2025,PENDANT,P20089,FASHION,Suryakant,FAISHOIN WEAR,PODDAR DIAMOND PVT LTD.-DAHISAR FACTORY,G18K,,3.618,3.560,22,0.291,0,0.000,STORE CONFIRM ORDER,,,
Indeterminate,29-Mar-2025 13:02:00,DP21114,P20090,29-Mar-2025,PENDANT,P20090,FASHION,Suryakant,FAISHOIN WEAR,PODDAR DIAMOND PVT LTD.-DAHISAR FACTORY,G18K,,6.034,5.800,142,1.172,0,0.000,STORE CONFIRM ORDER,,,
Indeterminate,29-Mar-2025 13:44:00,DP21115,P20091,29-Mar-2025,PENDANT,P20091,FASHION,Suryakant,FAISHOIN WEAR,PODDAR DIAMOND PVT LTD.-DAHISAR FACTORY,G18K,,5.713,5.560,59,0.765,0,0.000,STORE CONFIRM ORDER,,,
Indeterminate,29-Mar-2025 14:02:00,DP21117,P20093,29-Mar-2025,PENDANT,P20093,FASHION,Suryakant,FAISHOIN WEAR,PODDAR DIAMOND PVT LTD.-DAHISAR FACTORY,G18K,,4.517,4.380,56,0.685,0,0.000,STORE CONFIRM ORDER,,,
Indeterminate,29-Mar-2025 14:16:00,DP21118,P20094,29-Mar-2025,PENDANT,P20094,FASHION,Suryakant,FAISHOIN WEAR,PODDAR DIAMOND PVT LTD.-DAHISAR FACTORY,G18K,,2.714,2.700,9,0.072,0,0.000,STORE CONFIRM ORDER,,,
Indeterminate,31-Mar-2025 11:55:00,DP21141,P20120,31-Mar-2025,PENDANT,P20120,FASHION,Suryakant,FAISHOIN WEAR,PODDAR DIAMOND PVT LTD.-DAHISAR FACTORY,G18K,,4.497,4.350,23,0.737,0,0.000,STORE CONFIRM ORDER,,,
Indeterminate,31-Mar-2025 12:16:00,DP21142,P20121,31-Mar-2025,PENDANT,P20121,FASHION,Suryakant,FAISHOIN WEAR,PODDAR DIAMOND PVT LTD.-DAHISAR FACTORY,G18K,,3.472,3.360,38,0.560,0,0.000,STORE CONFIRM ORDER,,,
Indeterminate,31-Mar-2025 12:26:00,DP21143,P20122,31-Mar-2025,PENDANT,P20122,FASHION,Suryakant,FAISHOIN WEAR,PODDAR DIAMOND PVT LTD.-DAHISAR FACTORY,G18K,,4.590,4.440,60,0.748,0,0.000,STORE CONFIRM ORDER,,,
Indeterminate,31-Mar-2025 12:32:00,DP21144,P20123,31-Mar-2025,PENDANT,P20123,FASHION,Suryakant,FAISHOIN WEAR,PODDAR DIAMOND PVT LTD.-DAHISAR FACTORY,G18K,,5.103,4.980,47,0.615,0,0.000,STORE CONFIRM ORDER,,,
Indeterminate,31-Mar-2025 14:22:00,DP21146,P20125,31-Mar-2025,PENDANT,P20125,HEART,Suryakant,FAISHOIN WEAR,PODDAR DIAMOND PVT LTD.-DAHISAR FACTORY,G18K,,5.032,4.950,34,0.408,0,0.000,STORE CONFIRM ORDER,,,
Indeterminate,31-Mar-2025 14:27:00,DP21147,P20126,31-Mar-2025,PENDANT,P20126,HEART,Suryakant,FAISHOIN WEAR,PODDAR DIAMOND PVT LTD.-DAHISAR FACTORY,G18K,,3.621,3.550,51,0.353,0,0.000,STORE CONFIRM ORDER,,,
Indeterminate,31-Mar-2025 14:32:00,DP21148,P20127,31-Mar-2025,PENDANT,P20127,FASHION,Suryakant,FAISHOIN WEAR,PODDAR DIAMOND PVT LTD.-DAHISAR FACTORY,G18K,,6.108,5.830,66,1.388,0,0.000,STORE CONFIRM ORDER,,,
Indeterminate,31-Mar-2025 14:36:00,DP21149,P20128,31-Mar-2025,PENDANT,P20128,FASHION,Suryakant,FAISHOIN WEAR,PODDAR DIAMOND PVT LTD.-DAHISAR FACTORY,G18K,,5.355,5.240,115,0.575,0,0.000,STORE CONFIRM ORDER,,,
Indeterminate,31-Mar-2025 14:39:00,DE8499,T19243,31-Mar-2025,EARRING,T19243,STUD,Suryakant,FAISHOIN WEAR,PODDAR DIAMOND PVT LTD.-DAHISAR FACTORY,G18K,,1.400,1.200,2,1.000,0,0.000,STORE CONFIRM ORDER,,,
Indeterminate,31-Mar-2025 14:52:00,DP21145,P20124,31-Mar-2025,PENDANT,P20124,FASHION,Suryakant,FAISHOIN WEAR,PODDAR DIAMOND PVT LTD.-DAHISAR FACTORY,G18K,,7.142,6.790,10,1.760,0,0.000,STORE CONFIRM ORDER,,,
Indeterminate,31-Mar-2025 16:42:00,DNP327,NP20516,31-Mar-2025,NOSE PIN,NP20516,Cluster,Suryakant,FAISHOIN WEAR,PODDAR DIAMOND PVT LTD.-DAHISAR FACTORY,G18K,,2.534,2.500,9,0.171,0,0.000,STORE CONFIRM ORDER,,,